irumeng	iru(N)^[Abl_Mod.Sg]
kalereqiteki	kalereqe(V)^[Opt.Pres.Trns]^[2Pl.3Pl]
yuvghiiq	yuvghiigh(V)^[Abs.Sg]
nakut	nakut(WH)
tawatelkutat	tawate(V)^–lgute(V→V)^[Abs.Pl]
tawatelkutat	tawate(V)^–lgute(V→V)^[Abs.Pl]
kalereqiteggu	kalereqe(V)^[Opt.Pres.Trns]^[2Pl.3Sg]
aatkalghii	aatkagh(N)^[Ptcp.Intr]^[3Sg]
Salimeng	Sali(N)^[Abl_Mod.Sg]
pitngunghillnguq	pitngu(V)^@–nghite(V→V)^[Ptcp.Intr]^[3Sg]
pitngunghillnguq	pitngu(V)^@–nghite(V→V)^[Ptcp.Intr]^[3Sg]
pitngunghilnguq	pitngu(V)^@–nghite(V→V)^[Ptcp.Intr]^[3Sg]
esqhaghteki	esghagh(V)^[Opt.Pres.Trns]^[2Pl.3Pl]
qafsinwaat	qafsineg(WH)^~:(ng)u(N→V)^[Ind.Trns]^[3Pl.3Sg]
yalumeng	yalu(N)^[Abl_Mod.Sg]
natu	natu(WH)
piitesaghaq	piitesighagh(N)^[Abs.Sg]
piitesiighaq	piitesighagh(N)^[Abs.Sg]
ighal	ighaleqetaagh(N)^[Abl_Mod.Sg]
eqetaaghmeng	ighaleqetaagh(N)^[Abl_Mod.Sg]
piitesiighaghmeng	piitesighagh(N)^[Abl_Mod.Sg]
tawatekullghiik	tawate(V)^~–ke(N→V)^[Ptcp.Intr]^[3Du]
tawatekullghiik	tawate(V)^~–ke(N→V)^[Ptcp.Intr]^[3Du]
Mirim	Miri(N)^[Rel.Sg]
Jimim	Jimi(N)^[Rel.Sg]
qerngughhnemki	qerngughte(V)^[Ctmp.Trns]^[1Sg.3Pl]
kumegaasiq	kumegagh(V)^~:(u)sigh(V→N)^[Abs.Sg]
ullqhitaghaquq	ullghitagh(V)^~(g)aqe(V→V)^[Ind.Intr]^[3Sg]
upenghaam	upenghagh(N)^[Rel.Sg]
kalernga	kalere(N)^[Abs.3SgPoss.Sg]
pingayuneng-inglulek	pingayunengingluleg(NUM)
estamaneng-inglulek	estamanengingluleg(NUM)
lleghlleq	llegh(V)^–llegh(V→N)^[Abs.Sg]
nine	nine(NUM)
lleghlleghmeta	llegh(V)^–llegh(V→N)^~fmete(N→V)^[Abs.Sg]
maligsaaghleki	maligsaagh(V)^[Opt.Pres.Trns]^[1Pl.3Pl]
allaaghhiinagut	allaghhiinagh(PTCL)^[Ind.Intr]^[3Pl]
allaaghhiinagut	allaghhiinagh(PTCL)^[Ind.Intr]^[3Pl]
allaaghhiinagut	allaghhiinagh(PTCL)^[Ind.Intr]^[3Pl]
kalerngit	kalere(N)^[Abs.3PlPoss.Pl]
kalereqnaakesi	kalereqe(V)^[Opt.Fut.Trns]^[2Pl.3Pl]
kalereqnaakesi	kalereqe(V)^[Opt.Fut.Trns]^[2Pl.3Pl]
X	X
unaghsighwaat	unaghsigh(N)^––igh(N→V)^[Ind.Trns]^[3Pl.3Sg]
tagitugughusimakangi	tagitug(N)^~:(ng)ughte(N→V)^@~:(i/u)ma(V→V)^[Ptcp.Trns]^[3Sg.3Pl]
tespaganlluki	[Anaphor]^paagna(DEM.PRO.Abs.Sg)^[Sbrd.Trns]^[_.3Pl]
tespaganlluki	[Anaphor]^paagna(DEM.PRO.Abs.Sg)^[Sbrd.Trns]^[_.3Pl]
uyavaghaghllagumalghii	uyavagh(V)^–ghllagu(V→V)^@~:(i/u)ma(V→V)^[Ptcp.Intr]^[3Sg]
uyavaghaghllagumalghii	uyavagh(V)^–ghllagu(V→V)^@~:(i/u)ma(V→V)^[Ptcp.Intr]^[3Sg]
ivanghiighusimayaqangat	ivagh(V)^@–nghite(V→V)^@~:(i/u)ma(V→V)^@~fyagh(V→V)^@~–(g)kagh(V→N)^[Abs.3PlPoss.Sg]
ivanghiighusimayaqangat	ivagh(V)^@–nghite(V→V)^@~:(i/u)ma(V→V)^@~fyagh(V→V)^@~–(g)kagh(V→N)^[Abs.3PlPoss.Sg]
ivanghiighusimayaqangat	ivagh(V)^@–nghite(V→V)^@~:(i/u)ma(V→V)^@~fyagh(V→V)^@~–(g)kagh(V→N)^[Abs.3PlPoss.Sg]
asghaamakanga	esghagh(V)^@~:(i/u)ma(V→V)^[Ptcp.Trns]^[3Sg.3Sg]
taamnguq	taam(PTCL)^=nguq
taamnguq	taam(PTCL)^=nguq
piniqsaliiteghllagumakangak	piniqe(V)^@~fyagh(V→V)^−liite(V→V)^–ghllag(V→V)^@~:(i/u)ma(V→V)^[Ptcp.Trns]^[3Du.3Sg]
piniqsaliiteghllagumakangak	piniqe(V)^@~fyagh(V→V)^−liite(V→V)^–ghllag(V→V)^@~:(i/u)ma(V→V)^[Ptcp.Trns]^[3Du.3Sg]
ellngitni	ellngitni(PRO.Loc.3Pl)
kiyaghteghpakaamalghii	kiyaghte(V)^@–ghpagte(V→V)^@~:(i/u)ma(V→V)^[Ptcp.Intr]^[3Sg]
ivaagwaqeftaat	ivagh(V)^~:(ng)u(V→V)^~(g)aqe(V→V)^+(pete)fte(V→V)^[Ind.Trns]^[3Pl.3Sg]
ellmineng	ellmineng(PRO.Abl_Mod.4Sg)
neneghqestaaghhaaguq 	neneghqestaaghhagh*(N)^~:(ng)u(N→V)^[Ind.Intr]^[3Sg]
Angalgaaguq	Angalgagh(N)^~:(ng)u(N→V)^[Ind.Intr]^[3Sg]
Angalgaam	Angalgagh(N)^[Rel.Sg]
Angalgaq	Angalgagh(N)^[Abs.Sg]
Qaneghmiguq	Qaneghmig(N)^~:(ng)u(N→V)^[Ind.Intr]^[3Sg]
igaqegkanghhaqa 	igaqegkagh(N)^@–nghhagh(V→N)^[Abs.1SgPoss.Sg]
kanaghnnanighsigu 	kanaghte(V)^@~fnanigh(V→V)^[Intrg.Trns]^[2Sg.3Sg]
alpemenun 	alpem(N)^[All.Sg]
elpeneng 	elpeneng(PRO.Abl_Mod.2Sg)
ayemruugta 	ayemruugte(V)^[Abs.Sg]
meghnaalillu 	meghnaali(V)^[Abs.Sg]^=llu
sumeghtaghatkenanghisigu 	sumeghtaghagh(V)^@~:(u)tke(V→V)^@~fnanigh(V→V)^[Intrg.Trns.2Sg.3Sg]
sumeghtaghatkenanghisigu 	sumeghtaghagh(V)^@~:(u)tke(V→V)^@~fnanigh(V→V)^[Intrg.Trns.2Sg.3Sg]
Kerita	Kerita(N)^[Abs.Sg]
Keritam	Kerita(N)^[Rel.Sg]
angtilleghpeneng	angli(V)^–llegh(V→N)^[Abl_Mod.2SgPoss.Sg]
naay	naa(N)^[Voc.Sg]
kallagtaqaak	kallagte(V)^~(g)aqe(V→V)^[Ind.Trns]^[3Sg.3Du]
kallagtaqaak	kallagte(V)^~(g)aqe(V→V)^[Ind.Trns]^[3Sg.3Du]
Patim	Pati(N)^[Rel.Sg]
haluu	haalu(PTCL)
ataay	ata(N)^[Voc.Sg]
nunmaasqughhaq	nunmaakw(PTCL)^–squghhagh*(N→N)^[Abs.Sg]
krawna 	krawna(N)^[Abs.Sg]
tamaastaqi	tamaa(V)^+(te)ste(CmpdVbl)^~(g)aqe(V→V)^[Ind.Trns]^[3Sg.3Pl]
guutma 	ggute(N)^[Rel.1SgPoss.Pl]
krawnem	krawna(N)^[Rel.Sg]
Ggutlum	Ggutlu(N)^[Rel.Sg]
Qiitam	Qiitagh(N)^[Rel.Sg]
asiiliq	asiligh*(N)^[Abs.Sg]
kii-i	kii-i(XCLM)
Paapgaq	Paapgagh(N)^[Abs.Sg]
neqekaghqameng	neqe(N):^~–kaghqagh(N→N)^[Abl_Mod.Sg]
itghutaqitek 	itegh(V)^~:(ng)u(V→V)^+tagh(V→V)^[Ptcp.Trns]^[3Sg.2Du]
afsengaghniighusimeng	afsengagh*(N)^@~fniigh(N→V)^~:(u)sigh(V→N)^[Abl_Mod.Sg]
ungelekestaghhaamaghmi 	ungelegte(V)^–kestagh(V→V)^@~:(i/u)magh*(V→QUANTQUAL)^[4Sg]
ungelekestaghhaamaghmi 	ungelegte(V)^–kestagh(V→V)^@~:(i/u)magh*(V→QUANTQUAL)^[4Sg]
naaqerrewaaghumalghii 	naagh(V)^+regagh(V→V)^@~:(i/u)ma(V→V)^[Ptcp.Intr]^[3Sg]
naaqerrewaaghumalghii 	naagh(V)^+regagh(V→V)^@~:(i/u)ma(V→V)^[Ptcp.Intr]^[3Sg]
yuginniluku 	yug(N)^~:(ng)ite(N→V)^@~fni(CmpdVbl)^[Sbrd.Trns]^[_.3Sg]
ivaghiyaghnanighnayaghtunga 	ivagh(V)^~i(V→V)^@~fyagh(V→V)^@~fnanigh(V→V)^@~fnayagh(V→V)^[Ind.Intr]^[1Sg]
Paapgallegaghhaq 	Paapgagh(N)^–llegagh*(N→N)^–ghhagh*(N→N)^[Abs.Sg]
suumqeghpenakek 	suumqagh(N)^@–nghite(V→V)^[Sbrd.Trns]^[_.3Du]
suumqeghpenakek 	suumqagh(N)^@–nghite(V→V)^[Sbrd.Trns]^[_.3Du]
qiighnitaghamikun 	qiighnite(V)^+aagh(V→N)^[Prl.4SgPoss.Sg]
qiighnitaghamikun 	qiighnite(V)^+aagh(V→N)^[Prl.4SgPoss.Sg]
iingkugnun 	iingku(DEM.PRO)^[All.Du]
qugaagsighaq 	qugaagsighagh(V)^[Abs.Sg]
pugimnaqragkiighumayalghii 	pugime(V)^@~fnaqe(V→V)^@~f–ragkiigh(V→V)^@~:(i/u)ma(V→V)^[PtcpObl.Intr]^[3Sg]
alqutaghpagem 	alquutagh(V)^+pag(V→V)^[Rel.Sg]
alqutaghpagem 	alquutagh(V)^+pag(V→V)^[Rel.Sg]
mesaaqetun 	mesaagh(V)^[Equ.Sg]
mesaaqetun 	mesaagh(V)^[Equ.Sg]
nevuutaghamalghii 	nevuutagha(V)^@~:(i/u)ma(V→V)^[Ptcp.Intr]^[3Sg]
nevuutaghamikun 	nevuutagha(V)^[Prl.4SgPoss.Sg]
nevaghangitgun 	nevagha(V)^[Prl.3PlPoss.Sg]
mesaaq 	mesaagh(V)^[Abs.Sg]
aglamaluni 	aglagh(V)^@~:(i/u)ma(V→V)^[Sbrd.Intr]^[4Sg]
afsengaghestun 	afsengagh*(N)^[Equ.Du]
Kaasuq	Kaasugh(N)^[Abs.Sg]
Paapgaagunga 	Paapgagh(N)^~:(ng)u(N→V)^[Ind.Intr]^[1Sg]
Paapgaghunga 	Paapgagh(N)^~:(ng)u(N→V)^[Ind.Intr]^[1Sg]
guughngaghmi 	guugh(POS)^[Conc.Intr]^[4Sg]
guughngaghmi 	guugh(POS)^[Conc.Intr]^[4Sg]
ungipaasisteng 	ungipaate(V)^[Cnsq1.Trns]^[3Pl.4Pl]
ugharramun 	ugharre(N)^[All.Sg]
ugharratuqaq 	ugharre(N)^–tuqagh(N→N)^[Abs.Sg]
taam 	taam(PTCL)
ateqsunghisamigu	ategh(N)^@~fyug(N→V)^@–nghite(V→V)^[Cnsq1.Trns]^[4Sg.3Sg]
ateqsunghisamigu	ategh(N)^@~fyug(N→V)^@–nghite(V→V)^[Cnsq1.Trns]^[4Sg.3Sg]
aqniqhtuq	aqnighte(V)^[Ind.Intr]^[3Sg]
utaqigi 	utaqa(V)^[Opt.Pres.Intr.2Sg]
iqitesnaagha 	iqite(V)^+(te)ste(CmpdVbl)^@~fnaagh(V→V)^[Ind.Trns]^[3Sg.3Sg]
kiyaghtestaqi	kiyaghte(V)^+(te)ste(CmpdVbl)^~(g)aqe(V→V)^[Ind.Trns]^[3Sg.3Pl]
iiyegken 	iye(N)^[Abs.2SgPoss.Du]
ka-a	ka-a(XCLM)
quneghllukek	qunegh(POS)^[Sbrd.Trns]^[_.3Du]
iqitestagwu	iqite(V)^+(te)ste(CmpdVbl)^[Intrg.Trns]^[3Sg.3Sg]
supeliighmeng 	suupeliigh(N)^[Abl_Mod.Sg]
neqekranglaghtuq 	neqekrangllagh(V)^[Ind.Intr]^[3Sg]
taghnughaq 	taghnughhagh*(N)^[Abs.Sg]
aghvigimaghmeng	aghvig(V)^@~:(i/u)magh*(V→QUANTQUAL)^[4Pl]
tanughqimaghmeng 	tanughqe(V)^@~:(i/u)magh*(V→QUANTQUAL)^[4Pl]
Kapik	Kapig(N)^[Abs.Sg]
Kellum	Kellu(N)^[Rel.Sg]
Maasum	Maasu(N)^[Rel.Sg]
Paapam	Paapa(N)^[Rel.Sg]
Siksik	Siksig(N)^[Abs.Sg]
neqangiinnaqneghmegni 	neqe(N)^~:(ng)ite(N→V)^@~fnaqe(V→V)^@~f–negh(V→N)^[Loc.4PlPoss.Sg]
neqangiinnaqneghmegni 	neqe(N)^~:(ng)ite(N→V)^@~fnaqe(V→V)^@~f–negh(V→N)^[Loc.4PlPoss.Sg]
neqangiinnaqneghmegni 	neqe(N)^~:(ng)ite(N→V)^@~fnaqe(V→V)^@~f–negh(V→N)^[Loc.4PlPoss.Sg]
neqangiinnaqneghmegni 	neqe(N)^~:(ng)ite(N→V)^@~fnaqe(V→V)^@~f–negh(V→N)^[Loc.4PlPoss.Sg]
tuyeftupigniluni 	tuyeftu(V)^–pig(N→N)^@~fni(CmpdVbl)^[Sbrd.Intr]^[4Sg]
qenngiilliqepiglluni 	qenngulliqe(V)^–pigte(V→V)^[Sbrd.Intr]^[4Sg]
ggaatfaka 	ggate(N)^~f–vag(V→V)^[Abs.1SgPoss.Sg]
puughtingham 	puughte(V)^~i(V→V)^[Ctmp.Intr]^[3Sg]
kevgani 	keveg(V)^[Loc.3SgPoss.Sg]
umiillgaam 	umiillgagh*(N)^[Rel.Sg]
aglaasaghqameng 	aglaasaghqagh(N)^[Abl_Mod.Sg]
quyapigluni 	quya(V)^–pig(N→N)^[Sbrd.Intr]^[4Sg]
nemegnun 	ne(N)^[All.4PlPoss.Sg]
neghqwaghviggaanka 	neghqwaagh(V)^@~fvig(V→N)^–ghhagh*(N→N)^[Abs.1SgPoss.Pl]
taakunginaghaagneng 	taake(V)^~:(ng)u(V→V)^~:(ng)inagh(V→V)^–ghhagh*(N→N)^[Abl_Mod.Du]
esneghagnekun 	esneghagh(N)^[Prl.Du]
mataghlluni	matagh*(POS)^[Sbrd.Intr]^[4Sg]
ha	ha(XCLM)
haa	haa(XCLM)
pimyaqanga	pi(V)^@~:(i/u)ma(V→V)^[Ptcp.Trns]^[3Sg.3Sg]
sikughaghet 	sikughaagh(N)^[Abs.Pl]
Kulusiim	Kulusigh(N)^[Rel.Sg]
Kulusiimllu	Kulusigh(N)^[Rel.Sg]^=llu
Paansu	Paansu(N)^[Abs.Sg]
Kulusiim	Kulusigh(N)^[Rel.Sg]
Paansunkuk	Paansu(N)^~sf-w:(e)nku(N→N)^[Abs.Du]
ahulaquq	aghulaqe(V)^[Ind.Intr]^[3Sg]
Unuusisukanga	Unuusisukanga(N)^[Abs.Sg]
aanyugllaghngaaghmi	aane(V)^@~fyug(V→V)^–ghllag(V→V)^[Conc.Intr]^[4Sg]
qepuughluni	keptugh(V)^[Sbrd.Intr]^[4Sg]
aaghhwmeng	aaghhwe(V)^[Abl_Mod.Sg]
pegnenqegsaq	pegnem(PTCL)^@–nqegsagh(V→V)^[Abs.Sg]
qenaghugmun	qengaghug(N)^[All.Sg]
agaveqaaghaq	agaveqaaghaq(PTCL)
igkamsugmeng	igkamsug(V)^[Abl_Mod.Sg]
nengluminun	nenglu(N)^[All.4SgPoss.Sg]
anigutuumaghllaqmi	anigu(N)^+tuumagh*(N→QUANTQUAL)^–ghllag(N→N)^[Loc.Sg]
anigutuumaghllaqmi	anigu(N)^+tuumagh*(N→QUANTQUAL)^–ghllag(N→N)^[Loc.Sg]
itqaghlluni	itegh(V)^~–qaghte(V→V)^[Sbrd.Intr]^[4Sg]
tunutanganun	tunute(V)^[All.3SgPoss.Sg]
tunutanganun	tunute(V)^[All.3SgPoss.Sg]
kakavruugteghllak	kakavruugte(V)^–ghllag(V→N)^[Abs.Sg]
repallnguq	repall(PTCL)^=nguq
pekam	pekagh(V)^[Rel.Sg]
sangughIlak	sa(V)^~:(ng)u(V→V)^–ghllag(V→N)^[Abs.Sg]
tagiivaghhu	tagivagh(V)^[Opt.Pres.Trns.2Sg.3Sg]
sangwa	sa(V)^~:(ng)u(V→V)^[Intrg.Intr]^[3Sg]
ii	ii(PTCL)
qiyanaqumaghminguq	qiya(V)^@~fnaqe(V→V)^@~:(i/u)magh*(V→QUANTQUAL)^[4Sg]^=nguq
gaallghaagken	gaagh(V)^–llegh(V→N)^~:(ng)u(N→V)^[Ind.Trns]^[3Pl.3Du]
talaghillghiim	talaghitagh(V)^@–lghii(V→N)^[Rel.Sg]
Unuusisukangam	Unuusisukanga(N)^[Rel.Sg]
ipesaghaaghumaa	ipeg(V)^+saghagh(CmpdVbl)^@~:(i/u)ma(V→V)^[Ind.Trns]^[3Sg.3Sg]
hee	hee(XCLM)
gaallghaagket	gaagh(V)^–llegh(V→N)^~:(ng)u(N→V)^[Ind.Trns]^[2Sg.3Du]
awatangitnilghuuk	awate(N)^[Abs.3PlPoss.Pl]^@~fni(CmpdVbl)^[Ptcp.Intr]^[3Sg]
kinatuq 	kina(WH)^[Ind.Intr]^[3Sg]
kinatuq 	kina(WH)^[Ind.Intr]^[3Sg]
ulleghaatut	ullegha(V)^~aate(V→V)^[Ind.Intr]^[3Pl]
kelqaak 	kelqe(V)^[Ind.Trns]^[3Sg.3Du]
siingaak	siinge(V)^[Ind.Trns]^[3Sg.3Du]
haam	haam(XCLM)
hu	hu(XCLM)
Kanullu	Kanu(N)^[Abs.Sg]=llu
Tati	Tati(N)^[Abs.Sg]
Tatim	Tati(N)^[Rel.Sg]
Tinanum	Tinana(N)^[Rel.Sg]
eskiitaak	eskiite(V)^[Ind.Intr]^[3Du]
piltungi	pi(V)^[Opt.Pres.Intr]^[1Pl]
nagaqughsigu-u	nagaqugh(V)^[Intrg.Trns]^[2Sg.3Sg]
hilikaptera	hilikaptera(N)^[Abs.Sg]
quneghtaqatkii	qunegh(POS)^+te(POS→ACTIVE)^~(g)aqe(V→V)^[Intrg.Trns]^[3Pl.3Pl]
nersa	nerse(N)^[Abs.Sg]
nersem	nerse(N)^[Rel.Sg]
iikesnaqaqaak	iike(V)^+(te)ste(CmpdVbl)^@~fnaqe(V→V)^~(g)aqe(V→V)^[Ind.Trns]^[3Sg.3Du]
tamanganun	tamaghhagh*(QUANTQUAL)^[All.3SgPoss.Sg]
Tamniim	Tamnigh(N)^[Rel.Sg]
haaspetel-mi	hospital(N)^[Loc.Sg]
estugaghlleghi 	estugagh(N)^–llegh(V→N)^[Loc.Sg]
tuuna 	tuune(V)^[Ind.Trns]^[3Sg.3Sg]
kugarameng 	kugara(N)^[Abl_Mod.Sg]
ketanquq 	ketanqu(V)^[Ind.Intr]^[3Sg]
tukfighileqa 	tukfigh(V)^@lleqe(V→V)^[Intrg.Intr]^[3Sg]
kavighet 	kaviigh(N)^[Abs.Pl]
elpaak	elpek(PRO.AbsRel.2Sg)
Piisam	Piisagh(N)^[Rel.Sg]
Piisaq	Piisagh(N)^[Abs.Sg]
yataaghqaqaghput	yataaghqe(V)^~(g)aqe(V→V)^@~–(g)kagh(V→N)^[Abs.1PlPoss.Pl]
yataaghqaqaghput	yataaghqe(V)^~(g)aqe(V→V)^@~–(g)kagh(V→N)^[Abs.1PlPoss.Pl]
piitesiighallghem	piitesighagh(V)^–llegh(V→N)^[Rel.Sg]
tengtekayugii	tenge(V)^@~–(g)kayugu(V→V)^[Ind.Trns]^[3Sg.3Pl]
tengtekayugii	tenge(V)^@~–(g)kayugu(V→V)^[Ind.Trns]^[3Sg.3Pl]
iirmi	iir(N)^[Loc.Sg]
cabbage-t	cabbage(N)^[Abs.Pl]
garden-mi	garden(N)^[Loc.Sg]
puqlalghiimi	puqlate(V)^@–lghii(V→N)^[Loc.Sg]
desert-mi	desert(N)^[Loc.Sg]
piitesiighaam	piitesighagh(N)^[Rel.Sg]
piitesiighaam	piitesighagh(N)^[Rel.Sg]
Venus	Venus(N)^[Abs.Sg]
fly	fly(N)^[Abs.Sg]
trap-a	trap(N)^[Abs.Sg]
neqekelghi	neqe(N)^@~–(g)ke(V→N)^[Ptcp.Intr]^[3Sg]
neqekelghi	neqe(N)^@~–(g)ke(V→N)^[Ptcp.Intr]^[3Sg]
neghigkayuget	neghe(V)^~–kayug(V→N)^[Rel.Pl]
petgankut	petgagh(V)^~sf-w:(e)nku(N→N)^[Abs.Pl]
nuyaaghenkut	nuyaagh(V)^~sf-w:(e)nku(N→N)^[Abs.Pl]
legrengiighhaankut	legre(V)^~fngiighhagh*(N→N)^~sf-w:(e)nku(N→N)^[Abs.Pl]
nalughqutavalluq	nalughqutagh(V)^~f(p/v)allugh(N→N)^[Abs.Sg]
nalughqutavalluq	nalughqutagh(V)^~f(p/v)allugh(N→N)^[Abs.Sg]
nuyaaq	nuyaagh(V)^[Abs.Sg]
legrengiighhaq	legre(V)^~fngiighhagh*(N→N)^[Abs.Sg]
igleghhneghpalluq	igleghte(V)^@~f–negh(V→N)^~f(p/v)allugh(N→N)^[Abs.Sg]
piigelghiit	pi(V)^~(g)aqe(V→V)^[Ptcp.Intr]^[3Pl]
kaaluku	kaate(V)^[Sbrd.Trns]^[_.3Sg]
tagilaghaasimalghiit	tagi(V)^~f–laghate(V→V)^@~:(i/u)ma(V→V)^[Ptcp.Intr]^[3Pl]
petgam	petgagh(V)^[Rel.Sg]
legrengiighhaam	legre(V)^~fngiighhagh*(N→N)^[Rel.Sg]
kaannaqngisteng	kaate(V)^@~fnaqe(V→V)^[Conc.Trns]^[3Sg.4Pl]
metghaghneng	metghagh(N)^[Abl_Mod.Pl]
ugavaghamalghiit	ugavagh(V)^@~:(i/u)ma(V→V)^[Ptcp.Intr]^[3Pl]
ugavaghamalghiit	ugavagh(V)^@~:(i/u)ma(V→V)^[Ptcp.Intr]^[3Pl]
reghiteftuk	reghete(V)^+(pete)fte(V→V)^[Ind.Intr]^[3Du]
igleghtem	igleghte(V)^[Rel.Sg]
Tinanankuk	Tinana(N)^~sf-w:(e)nku(N→N)^[Abs.Du]
Ipinkuk	Ipi(N)^~sf-w:(e)nku(N→N)^[Abs.Du]
Tinanam	Tinana(N)^[Rel.Sg]
pitta	pite(V)^[Ind.Trns]^[3Sg.3Sg]
Ipim	Ipi(N)^[Rel.Sg]
Simam	Sima(N)^[Rel.Sg]
angeghyesteng	angegh(V)^[Cnsq1.Trns]^[3Sg.4Pl]
piitesiighaghmeng	piitesighagh(N)^[Abl_Mod.Sg]
piitesiighaghmeng	piitesighagh(N)^[Abl_Mod.Sg]
Simankuk	Sima(N)^~sf-w:(e)nku(N→N)^[Abs.Du]
Sima	Sima(N)^[Abs.Sg]
Tinana	Tinana(N)^[Abs.Sg]
mangtaaghhat	mangteghagh(N)^[Abs.Pl]
qafsinwaat	qafsineg(WH)^~:(ng)u(N→V)^[Ind.Trns]^[3Pl.3Sg]
takwaaghaataghnaluki	[Anaphor]^uka(DEM.ADV)^+aghaghte(V→V)^[Sbrd.Trns]^[_.3Pl]
takwaaghaataghnaluki	[Anaphor]^uka(DEM.ADV)^+aghaghte(V→V)^[Sbrd.Trns]^[_.3Pl]
aghhutanga	aghhutangatamaghhaan(PTCL)
tamaghhan	tamaghhagh*(QUANTQUAL)^[3Sg]
aaghhwmeng	aaghhwe(V)^[Abl_Mod.Sg]
Patam	Pata(N)^[Rel.Sg]
ii	ii(PTCL)
Ipi	Ipi(N)^[Abs.Sg]
saaghwinun	saaghw(AREA)^[All.Pl]
sanivaghluteng	sanivagh(V)^[Sbrd.Intr]^[4Pl]
saaghwini	saaghw(AREA)^[Loc.Pl]
ataasikaghtaan	ataasigh(NUM)^+kaghtagh(DEM→N)^[Rel.3SgPoss.Sg]
Patankut	Pata(N)^~sf-w:(e)nku(N→N)^[Abs.Pl]
naasqwit	naasqugh(N)^[Abs.3PlPoss.Pl]
wha-a	wha-a(XCLM)
naantefta	na(WH)^+nte(V→V)^+(pete)fte(V→V)^[Intrg.Intr]^[3Sg]
maligtemmeng	malighte(V)^[Abl_Mod.Sg]
kamerragem	kamek(N)^–raagh(N→N)^[Rel.Sg]
ayemtaasaghtuultegneki	ayemte(V)^+saghtugh(V→V)^[Opt.Pres.Trns]^[1Du.3Pl]
ghumalghii	ighsa(V)^~–(ghw/ngw/w)aagh(V→V)^@~:(i/u)ma(V→V)^[Ptcp.Intr]^[3Sg]
amestaapigtuk	amestaagh(V)^–pigte(V→V)^[Ind.Intr]^[3Du]
esghamsiighwaghluni	esghagh(V)^–msiigh(V→V)^~–(ghw/ngw/w)aagh(V→V)^[Sbrd.Intr]^[4Sg]
quneghqelluni	qunegh(POS)^+qe(V→V)^[Sbrd.Intr]^[4Sg]
ullghitaperegwaaghumaghmi	ullghitagh(V)^–perewaagh(V→N)^@~:(i/u)magh*(V→QUANTQUAL)^[4Sg]
ullghitaperegwaaghumaghmi	ullghitagh(V)^–perewaagh(V→N)^@~:(i/u)magh*(V→QUANTQUAL)^[4Sg]
pagunʼghameng	pagunghagh*(N)^[Abl_Mod.Sg]
pagunʼghameng	pagunghagh*(N)^[Abl_Mod.Sg]
ugpeghqwaamakanga	ugpegh(V)^~–(ghw/ngw/w)aagh(V→V)^@~:(i/u)ma(V→V)^[Ptcp.Trns]^[3Sg.3Sg]
ugpeghqwaamakanga	ugpegh(V)^~–(ghw/ngw/w)aagh(V→V)^@~:(i/u)ma(V→V)^[Ptcp.Trns]^[3Sg.3Sg]
uyghamqiighaghhaghmeng	uyghamqiighwagh(N)^[Abl_Mod.Sg]
uqigtulngiighhaghmitun	uqigtutala(N)^~fngiighhagh*(N→N)^[Equ.4SgPoss.Sg]
aliinghakuun	aliinegh(N)^[Prl.3SgPoss.Sg]
ellmeggneng	ellmeggneng(PRO.Abl_Mod.4PlPoss.Sg)
atighlleqaghput	atigh(V)^–lleghqagh(V→N)^[Abs.1PlPoss.Sg]
enkam	enkaam(PTCL)
tagnetghii	tagnegh(V)^[Ptcp.Intr]^[3Sg]
oawaagpagenkut	qawaagpag(N)^~sf-w:(e)nku(N→N)^[Abs.Pl]
oawaagpagnguq	qawaagpag(N)^[Abs.Sg]^=nguq
oatelghii	qategh(V)^[Ptcp.Intr]^[3Sg]
allgha	aag(V)^-llegh(V→N)^[Abs.3SgPoss.Sg]
Kulusiim	Kulusigh(N)^[Rel.Sg]
Paansu	Paansu(N)^[Abs.Sg]
Paansum	Paansu(N)^[Rel.Sg]
Kulusighmun	Kulusigh(N)^[All.Sg]
Paansullu	Paansu(N)^[Abs.Sg]^=llu
Paansunkuk	Paansu(N)^~sf-w:(e)nku(N→N)^[Abs.Du]
ukazig	ukazigh(N)^[Abs.Sg]
Takunkut	Taku(N)^~sf-w:(e)nku(N→N)^[Abs.Pl]
aflengakaghnaketen	aflengake(V)^[Opt.Fut.Trns]^[2Sg.3Pl]
tallimaguut	tallimat(NUM)^[Ind.Intr]^[3Pl]
Takum	Taku(N)^[Rel.Sg]
number-a	number(N)^[Abs.Sg]
teruwiteggu	terugi(V)^[Opt.Pres.Trns]^[2Pl.3Sg]
qasigaghhaam	qasiqagh(N)^–ghhagh*(N→N)^[Rel.Sg]
qungluk	qunglug(V)^[Abs.Sg]
mekestaaghhalghii	mekestaaghhagh*(N)^@–lghii(V→N)^[Abs.Sg]
pugimenghani	pugime(V)^[Ctmp.Intr]^[3Sg]
uyaqwhakun	uyaqugh(N)^[Prl.Sg]
nuqnneghluni	nuqnegh(V)^[Sbrd.Intr]^[4Sg]
qunglugem	qunglug(V)^[Rel.Sg]
pugimenghata	pugime(V)^[Ctmp.Intr]^[3Pl]
esghapagaqeggkani	esghapag(V)^~(g)aqe(V→V)^@~–(g)kagh(V→N)^[Loc.Pl]
ellngallutughnguq	ellnga(PRO.Abs.3Sg)^=llu^=tugh^=nguq
pugimameng	pugimagh(V)^[Abl_Mod.Sg]
isiqetun	siqi(V)^[Equ.Sg]
isiqetun	siqi(V)^[Equ.Sg]
qavamaluku	qavagh(V)^@~:(i/u)ma(V→V)^[Sbrd.Trns]^[_.3Sg]
puwiimaghnaluni	pugimagh(V)^@~fna(V→V)^[Sbrd.Intr]^[4Sg]
puwiimaghnaluni	pugimagh(V)^@~fna(V→V)^[Sbrd.Intr]^[4Sg]
sumeghtaghamelghii	sumeghtaghagh(V)^@~:(i/u)ma(V→V)^[Ptcp.Intr]^[3Sg]
sumeghtaghamelghii	sumeghtaghagh(V)^@~:(i/u)ma(V→V)^[Ptcp.Intr]^[3Sg]
isiqughhusimalghii	isiqghuute(V)^@~:(i/u)ma(V→V)^[Ptcp.Intr]^[3Sg]
isiqghhuutelgha	isiqghuute(V)^–llegh(V→N)^[Abs.3SgPoss.Sg]
isiqghhuutelgha	isiqghuute(V)^–llegh(V→N)^[Abs.3SgPoss.Sg]
pugimemeng	pugime(V)^[Abl_Mod.Sg]
angliighataaghaqumi	anglii(V)^~(at)aghagh(V→V)^[Cond.Intr]^[4Sg]
apeghtuqangani	apeghtugh(V)^+tuqagh(V→N)^[Loc.3SgPoss.Sg]
nenglekegmun	nenglekegte(V)^[All.Sg]
upenghaam	upenghagh(N)^[Rel.Sg]
nunmaaggaq	nunmaaggaq(PTCL)
sivutmiightageftuq	sivu(AREA)^+tmiigh(DEM→V)^~(g)aqe(V→V)^+(pete)fte(V→V)^[Ind.Intr]^[3Sg]
mekestaaghalghii	mekestaaghhaa(V)^[Ptcp.Intr]^[3Sg]
Rudolph	Rudolph(N)^[Abs.Sg]
Rudolph-nguuq	Rudolph(N)^~:(ng)u(N→V)^[Ind.Intr]^[3Sg]
kalereqnakesi	kalereqe(V)^[Opt.Fut.Trns]^[2Pl.3Pl]
mekelghlighhaatlu 	mekelghiigh(N)^–ghhagh*(N→N)^[Abs.Pl]^=llu
tamangani	tamaghhagh*(QUANTQUAL)^[Loc.3SgPoss.Sg]
tamangani	tamaghhagh*(QUANTQUAL)^[Loc.3SgPoss.Sg]
kalereqiteggu	kalereqe(V)^[Opt.Pres.Trns]^[2Pl.3Sg]
Rudolph-em	Rudolph(N)^[Rel.Sg]
taakutiu	[Anaphor]^uku(DEM.PRO)^[AbsRel.Pl]^=llu
aleghqughyuqaqegkangi 	aleghqugh(V)^@~f–yuqagh(V→N)^~(g)aqe(V→V)^[Ptcp.Trns]^[3Sg.3Pl]
tamaanlenguut	tamaanlengugh(PTCL)^[Ind.Intr]^[3Pl]
atuneghqulluteng	atune(N)^–ghqu(N→V)^[Sbrd.Intr]^[4Pl]
kalereqiteki	kalereqe(V)^[Opt.Pres.Trns]^[2Pl.3Pl]
pazelem 	pazel(N)^[Rel.Sg]
tegh	teghig(EMO)^@~fnagh(EMO→N)^+tu(N→V)^[Opt.Pres.Trns]^[1Sg.3Pl]
ignaghtu	teghig(EMO)^@~fnagh(EMO→N)^+tu(N→V)^[Opt.Pres.Trns]^[1Sg.3Pl]
iangi	teghig(EMO)^@~fnagh(EMO→N)^+tu(N→V)^[Opt.Pres.Trns]^[1Sg.3Pl]
pazelet	pazel(N)^[Abs.Pl]
amestaaghhaat	amestaagh(V)^~:(ng)u(N→V)^[Ind.Intr]^[3Pl]
taakwagun 	[Anaphor]^ukagun(DEM.ADV.Prl)
iiisimakegkaghsi	liisimake(V)^@~–(g)kagh(V→N)^[Abs.2PlPoss.Sg]
tegmkusat 	teghikusagh(N)^[Abs.Pl]
uvitangani	uvita(N)^[Loc.3SgPoss.Sg]
latat	lata(N)^[Abs.Pl]
nampangitgun	nampe(N)^[Prl.3PlPoss.Sg]
maalghut	maalghug(NUM)^[Abs.Pl]
iighngalghlit 	iigh(V)^~fnga(V→V)^[Ptcp.Intr]^[3Pl]
metghaaghragenkut 	metghaghrag(N)^~sf-w:(e)nku(N→N)^[Abs.Pl]
kaleremeng 	kalere(N)^[Abl_Mod.Sg]
imighteqqu 	imigh(V)^[Opt.Pres.Trns]^[2Pl.3Sg]
qamaqlluku 	qamagte(V)^[Sbrd.Trns]^[_.3Sg]
Rudolph-enkut 	Rudolph(N)^~sf-w:(e)nku(N→N)^[Abs.Pl]
tunusaawaqelghii 	tunusagh(N)^~(g)aqe(V→V)^[Ptcp.Intr]^[3Sg]
tunusaawaqelghii 	tunusagh(N)^~(g)aqe(V→V)^[Ptcp.Intr]^[3Sg]
tunusaawaqelghii 	tunusagh(N)^~(g)aqe(V→V)^[Ptcp.Intr]^[3Sg]
Rudolph-mun	Rudolph(N)^[All.Sg]
Uulu 	Uulu(N)^[Abs.Sg]
Nome-emun	Nome(N)^[All.Sg]
Nuumennaqumalghii 	Nome(N)^[All.Sg]^@~fnaqe(V→V)^@~:(i/u)ma(V→V)^[Ptcp.Intr]^[3Sg]
Uulumennaluni	Uulu(N)^[All.Sg]^@~fna(V→V)^[Sbrd.Intr]^[4Sg]
taghnuqhhaat	taghnughhagh*(N)^[Abs.Pl]
tawatelgutkutngwaalghiik	tawate(V)^–lgutke(V→V)^@~:(u)te(V→V)^~–(ghw/ngw/w)aagh(V→V)^[Ptcp.Intr]^[3Du]
naalkennaaghestekaak	naalke(V)^@~fnaagh(V→V)^[Intrg.Trns]^[2Du.3Du]
naalkennaaghestekaak	naalke(V)^@~fnaagh(V→V)^[Intrg.Trns]^[2Du.3Du]
iksemeng 	ikse(N)^[Abl_Mod.Sg]
ghhughh	ghhughh(PTCL)
suumelghghiimeng	suume(V)^@–lghii(V→N)^[Abl_Mod.Sg]
awiitngaghpesi 	awite(V)^[Conc.Intr]^[2Pl]
awiitngaghpesi 	awite(V)^[Conc.Intr]^[2Pl]
puliismengan 	puliismen(N)^[Rel.3SgPoss.Sg]
iigi	iigge(N)^[Abs.3SgPoss.Pl]
iigi	iigge(N)^[Abs.3SgPoss.Pl]
aghulatepiglleghhistun	aghulate(V)^–pig(N→N)^–llegh(V→N)^[Equ.Pl]
nenglaasimaghmeng 	nenglaghsiigh(V)^@~:(i/u)magh*(V→QUANTQUAL)^[Abl_Mod.Sg]
nenglaasimaghmeng 	nenglaghsiigh(V)^@~:(i/u)magh*(V→QUANTQUAL)^[Abl_Mod.Sg]
Uulum	Uulu(N)^[Rel.Sg]
tunusalguftuq 	tuunusagh(N)^–lgu(N→V)^+(pete)fte(V→V)^[Ind.Intr]^[3Sg]
pazelkun	pazel(N)^[Prl.Sg]
Rudolph-et 	Rudolph(N)^[Abs.Pl]
kalereqfiget	kalereqe(V)^@~fvig(V→N)^[Abs.Pl]
neghqiyuneghtuqaq 	neghqe(V)^@~fyuneghtu(V→V)^+tuqagh(V→N)^[Abs.Sg]
neghqiyuneghtuqaq 	neghqe(V)^@~fyuneghtu(V→V)^+tuqagh(V→N)^[Abs.Sg]
ellnganeng	ellnganeng(PRO.Abl_Mod.3Pl)
peghnakesi 	peghte(V)^[Opt.Fut.Trns]^[2Pl.3Pl]
nanglekilleghmeng 	nanglleg(EMO)^–llegh(V→N)^[Abl_Mod.Sg]
nanglekilleghmeng 	nanglleg(EMO)^–llegh(V→N)^[Abl_Mod.Sg]
uqiitaghvigkameng	uqiitagh(V)^@~fvig(V→N)^+kagh(N→N)^[Abl_Mod.Sg]
naghaaq	naghaagh(V)^[Abs.Sg]
aqnightefqaayek	aqnighte(V)^[Opt.Neg.Pres.Trns]^[2Sg.3Du]
qiipsaghqaqagka	qiipe(V)^@~fyaghqagh(V→N)^[Abs.1SgPoss.Du]
ritiguk	ritigu(N)^[Abs.Du]
natelnguut	natelngu(V)^[Ind.Intr]^[3Pl]
ellngani	ellngani(PRO.Loc.3Sg)
nalughqaghsimalghii	nalug(V)^~–qaghte(V→V)^@~:(i/u)ma(V→V)^[Ptcp.Intr]^[3Sg]
nalughqaghsimalghii	nalug(V)^~–qaghte(V→V)^@~:(i/u)ma(V→V)^[Ptcp.Intr]^[3Sg]
tawanlenguq	tawanlenguq(PTCL)
aghulaaqsiin	aghula(V)^~(g)aqe(V→V)^[Intrg.Intr.2Sg]
qughlung	qughlung(XCLM)
qung	qung(XCLM)
meteghllgrugnguq	meteghllug(N)^–ghrug(N→N)^[Abs.Sg]^=nguq
quneghqennallgha	qunegh(POS)^+qe(V→V)^@~fnagh(V→V)^–llegh(V→N)^[Abs.3SgPoss.Sg]
quunghaghsimalghii	qunegh(POS)^~aghte(V→V)^@~:(i/u)ma(V→V)^[Ptcp.Intr]^[3Sg]
quneghqelluni	qunegh(POS)^+qe(V→V)^[Sbrd.Intr]^[4Sg]
sikiggaghngug	sikig(N)^–ghhagh*(N→N)^[Abs.Sg]^=nguq
itqaghsimalghii	itegh(V)^~–qaghte(V→V)^@~:(i/u)ma(V→V)^[Ptcp.Intr]^[3Sg]
neghyaghaaq	negh(V)^@~fyaghqagh(V→N)^[Abs.Sg]
univagem	nunivag(N)^[Rel.Sg]
iwughtellghanun	igughte(V)^–llegh(V→N)^[All.3SgPoss.Sg]
akumemeng	akume(N)^[Abl_Mod.Sg]
qallaauqaq	qallaqugh(V)^@~–(g)kagh(V→N)^[Abs.Sg]
akumutngwaaghyaghqaq	akume(V)^@~:(u)te(V→V)^~–(ghw/ngw/w)aagh(V→V)^@~fyaghqagh(V→N)^[Abs.Sg]
uughsaghngaan	uughsagh(V)^[Conc.Intr]^[3Sg]
yagkelengestaaghaan	yagkelengestaaghaagh(N)^[Rel.3SgPoss.Sg]
aavgughaaqaq	aveg(N)^:ughagh(V→V)^@~–(g)kagh(V→N)^[Abs.Sg]
alquutaghpagem	alquutagh(N)^+pag(N→N)^[Rel.Sg]
yagkelengestaaghaq	yagkelengestaaghaagh(N)^[Abs.Sg]
mekitgughmelngughmun	mekitkughmete(V)^@ngugh(V→N)^[All.Sg]
yagkelengestaaghaaghtellghanun	yagkelengestaaghaaghte(V)^–llegh(V→N)^[All.3SgPoss.Sg]
aakwlu	aaw(N)^[Abs.Sg]^=llu
tawavek	[Anaphor]^awavek(DEM.ADV.All)
akumutngwaallghanun	akume(V)^@~:(u)te(V→V)^~–(ghw/ngw/w)aagh(V→V)^–llegh(V→N)^[All.3SgPoss.Sg]
aavgughaaghyaghqaq	aveg(N)^:ughagh(V→V)^@~fyaghqagh(V→N)^[Abs.Sg]
alnguunak	alngunak(PTCL)
nunmaaggaq	nunmaaggaq(PTCL)
alquutasqughaat	alquutagh(N)^–squghhagh*(N→N)^[Abs.Pl]
mekestaaghaaluku	mekestaaghhaa(V)^[Sbrd.Trns]^[_.3Sg]
akusaghqaq	akusaghqagh(N)^[Abs.Sg]
igughnegha	igugh(V)^@~f–negh(V→N)^[Abs.3SgPoss.Sg]
paguneghqelluku	paguneghqe(V)^[Sbrd.Trns]^[_.3Sg]
eslevaghaghtun	eslevagagh(N)^[Equ.Sg]
yataaghqesaghqaq	yataaghqe(V)^@~fyaghqagh(V→N)^[Abs.Sg]
kemeghqesaghqaq	kemeghqe(V)^@~fyaghqagh(V→N)^[Abs.Sg]
yataaghqelgha	yataaghqe(V)^–llegh(V→N)^[Abs.3SgPoss.Sg]
sasqughaaluku	sa(N)^–squghhagh*(N→N)^[Sbrd.Trns]^[_.3Sg]
sasqughaaluku	sa(N)^–squghhagh*(N→N)^[Sbrd.Trns]^[_.3Sg]
larda	lard(N)^[Abs.Sg]
kaagtughluku	kaagtugh(V)^[Sbrd.Trns]^[_.3Sg]
gaaregaghluku	gaagh(V)^+regagh(V→V)^[Sbrd.Trns]^[_.3Sg]
lardkun	lard(N)^[Prl.Sg]
aghevestaghaq	aghevestaaghagh*(N)^[Abs.Sg]
lardmeng	lard(N)^[Abl_Mod.Sg]
ughvegkun	ughvig(N)^[Prl.Sg]
yagkelengestaaghaaluku	yagkelengestaaghaagh(V)^[Sbrd.Trns]^[_.3Sg]
neqanganeng	neqe(N)^[Abl_Mod.3SgPoss.Pl]
aghevelengestaaghaghmeng	agheve(N)^–leg(N→N)^–ngestagh(N→N)^[Abl_Mod.Sg]
uughugutkelluku	suughuute(V)^@~:(u)tke(V→V)^[Sbrd.Trns]^[_.3Sg]
sasqughaghmeng	sa(N)^–squghhagh*(N→N)^[Abl_Mod.Sg]
rnesi	mesiigh(N)^[Abl_Mod.3SgPoss.Sg]
rnesi	mesiigh(N)^[Abl_Mod.3SgPoss.Sg]
ighaneng	mesiigh(N)^[Abl_Mod.3SgPoss.Sg]
tawatengngwaaq	tawatengwaaq(PTCL)
neqnga	neqe(N)^[Abs.3SgPoss.Sg]
neqetaaghasaghqaq	neqete(V)^~(at)aghagh(V→V)^@~fyaghqagh(V→N)^[Abs.Sg]
neghegkayuk	neghe(V)^~–kayug(V→N)^[Abs.Sg]
iqalluwaq	iqallugagh(N)^[Abs.Sg]
taam	taam(PTCL)
neqanganun	neqe(N)^[All.3SgPoss.Sg]
ilatepanghelkufsigu	ilate(V)^–panghite(V→V)^[Cond.Trns]^[2Pl.3Sg]
qamagtenngwaaghluni	qamagte(V)^~–(ghw/ngw/w)aagh(V→V)^[Sbrd.Intr]^[4Sg]
unaqusiikufsigu	unaqusigh(N)^~:(ng)u(N→V)^[Cond.Trns]^[2Pl.3Sg]
maalghum	maalghug(NUM)^[Rel.Sg]
yagkelengestaaghaaiuku	yagkelengestaaghaagh(V)^[Sbrd.Trns]^[_.3Sg]
yagkelengestaaghaaiuku	yagkelengestaaghaagh(V)^[Sbrd.Trns]^[_.3Sg]
haaspetela	haaspetel(N)^[Abs.Sg]
naqatusik	nagatusigh(N)^[Abs.Sg]
aampyulensek	aampyulense(N)^[Abs.Du]
waatsek	waate(N)^[Abs.Du]
whaa-a	whaa(PTCL)
ii-ii-uuu	ii-ii-uuu(XCLM)
ellmiineng	ellmineng(PRO.Abl_Mod.4Sg)
neghaqi	neghe(V)^~(g)aqe(V→V)^[Opt.Pres.Intr.2Sg]
naghaaghaqi	naghaagh(V)^~(g)aqe(V→V)^[Opt.Pres.Intr.2Sg]
qavaghaqi	qavagh(V)^~(g)aqe(V→V)^[Opt.Pres.Intr.2Sg]
Tafi	Tafi(N)^[Abs.Sg]
anglegutangi	anglegute(N)^[Abs.3SgPoss.Pl]
tagilaghaalluteng	tagi(V)^~f–laghate(V→V)^[Sbrd.Intr]^[4Pl]
takum	[Anaphor]^uku(DEM.PRO)^[Rel.Sg]
Tallingunaquq	Talli(N)^~:(ng)u(N→V)^@~fnaqe(V→V)^[Ind.Intr]^[3Sg]
tallimaguut	tallimat(NUM)^~:(ng)u(N→V)^[Ind.Intr]^[3Pl]
teruwiteggu	terugi(V)^[Opt.Pres.Trns]^[2Pl.3Sg]
Talli	Talli(N)^[Abs.Sg]
tallimaneng	tallimat(NUM)^[Abl_Mod.Sg]
esghagh-yaghtuqaghtegguqun	esghagh(V)^@~fyaghtuqagh(V→V)^[Opt.Pres.Trns]^[2Pl.3Sg]=qun
maantaqut	maa(DEM.ADV)^+nte(N→V)^~(g)aqe(V→V)^[Ind.Intr]^[3Pl]
naayvaghaaghni	naayvaghagh(N)^[Loc.3SgPoss.Sg]
robin-et	robin(N)^[Abs.Pl]
prairie	prairie(N)^[Abs.Sg]
dog-et	dog(N)^[Abs.Pl]
desert-mi	desert(N)^[Loc.Sg]
jungle-mi	jungle(N)^[Loc.Sg]
teghigniqumalciku	teghigniqe(V)^@~:(i/u)ma(V→V)^[Sbrd.Trns]^[_.3Sg]
ketfiighwaghlleghhii	ketfiighwaghte(V)^[Ptcp.Intr]^[3Sg]
uvitangani	uvita(N)^[Loc.3SgPoss.Sg]
ketfiighwaghtuq	ketfiighwaghte(V)^[Ind.Intr]^[3Sg]
uvitangakun	uvita(N)^[Prl.3SgPoss.Sg]
taghtuvalluq	taghtu(N)^~f(p/v)allugh(N→N)^[Abs.Sg]
aqsagken-taghtugken	taghtu(N)^[Abs.2SgPoss.Du]
aqsagken-taghtugken	aqsa(N)^[Abs.2SgPoss.Du]
qinuyagullukii	qinuyug(V)^@~:(u)te(V→V)^[Sbrd.Trns]^[_.3Pl]
qinuyagullukii	qinuyug(V)^@~:(u)te(V→V)^[Sbrd.Trns]^[_.3Pl]
paaggurugllak	paag(N)^ghrughllag(N→N)^[Abs.Du]
qemallnguq	qemall(PTCL)^=nguq
kinaatelleqaangaa	kinagh(V)^@~:(u)te(V→V)^@lleqe(V→V)^[Ind.Trns]^[3Sg.1Sg]
atetingaa	ategh(N)^+te(N→V)^[Opt.Pres.Trns]^[2Sg.1Sg]
palaghhaghmeng	palaghhagh(N)^[Abl_Mod.Sg]
igleghaghtaghllak	iglegha(V)^+(s)ta(V→N)^–ghllag(N→N)^[Abs.Sg]
amyughaaghusini	amyughaagh(V)^~:(u)sigh(V→N)^[Loc.Pl]
almesiqlluku	almesiqe(V)^[Sbrd.Trns]^[_.3Sg]
qinunaghalghii	qinunaghqe(V)^[Ptcp.Intr]^[3Sg]
haluu	haluu(PTCL)
Patu	Patu(N)^[Abs.Sg]
whanganguuq	whanga(PRO.AbsRel.1Sg)^~:(ng)u(V→V)^[Ind.Intr]^[3Sg]
naay	naa(N)^[Voc.Sg]
nengllugutkaghput	nengllugute(N)^+kagh(N→N)^[Abs.1PlPoss.Sg]
taaghen	taagken(PTCL)
elInga	ellnga(PRO.Abs.3Sg)
nuyeklighmun	nuyekligh(N)^[All.Sg]
nuyikliiguq	nuyekligh(N)^~:(ng)u(N→V)^[Ind.Intr]^[3Sg]
nengllugutelguaq	nengllugute(N)^–lgu(N→V)^[Ind.Intr]^[3Sg]
nengllugutkangaa	nengllugute(N)^~–ke(N→V)^[Intrg.Trns]^[3Sg.1Sg]
nengllugutelwaa	nengllugute(N)^–lgu(N→V)^[Intrg.Intr]^[3Sg]
N	N
E	E
S	S
W	W
ugavaq	ugavagh(N)^[Abs.Sg]
peyukegkat	peyuke(V)^@~–(g)kagh(V→N)^[Abs.Pl]
iqlighmelnguq	iqlighmete(V)^[Ptcp.Intr]^[3Sg]
qavnqaq	qavngaq(PTCL)
oavngaq	qavngaq(PTCL)
piyuglleqiinga	piyug(V)^@lleqe(V→V)^[Ptcp.Intr]^[1Sg]
piyuglleqiinga	piyug(V)^@lleqe(V→V)^[Ptcp.Intr]^[1Sg]
whangaperegwaaghmeng	whanga(PRO.AbsRel.1Sg)^–perewaagh(N→N)^[Abl_Mod.Sg]
whangkunni	whangkunni(PRO.Loc.1Pl)
Patam	Pata(N)^[Rel.Sg]
Patankuk	Pata(N)^~sf-w:(e)nku(N→N)^[Abs.Du]
Kanunkuk	Kanu(N)^~sf-w:(e)nku(N→N)^[Abs.Du]
Kanu	Kanu(N)^[Abs.Sg]
naaptaq	naaptagh(N)^[Abs.Sg]
iiksaghtughaak	iike(V)^@~fyaghtugh(V→V)^[Ind.Trns]^[3Sg.3Du]
kaasaghtughaak	kaate(V)^@~fyaghtugh(V→V)^[Ind.Trns]^[3Sg.3Du]
Tinanam	Tinana(N)^[Rel.Sg]
esghaghaak	esghagh(V)^[Ind.Trns]^[3Sg.3Du]
Ipi	Ipi(N)^[Abs.Sg]
paayghltegnekek	paayghi(V)^[Opt.Pres.Trns]^[2Du.3Du]
Ipim	Ipi(N)^[Rel.Sg]
apaminun	apa(N)^[All.4SgPoss.Sg]
Pata	Pata(N)^[Abs.Sg]
taanʼgavek	[Anaphor]^un'gavek(DEM.ADV.All)
unisnaghnaqamken	unite(V)^@~fnagh(V→V)^@~fnaqe(V→V)^[Ind.Trns]^[1Sg.2Sg]
Helen	Helen(N)^[Abs.Sg]
qantaghqameng	qantagh(V)^@~–(g)kagh(V→N)^[Abl_Mod.Sg]
allaghlluggaghmeng	allaghlluggaagh(N)^[Abl_Mod.Sg]
sivuklukuu	sivuke(V)^[Sbrd.Trns]^[_.3Sg]
aqmghllequq	aghmig(V)^@lleqe(V→V)^[Ind.Intr]^[3Sg]
piziin	pi(V)^[Intrg.Intr.2Sg]
suupemengllu	suupe(N)^[Abl_Mod.Sg]^=llu
kaa-a	kaa(PTCL)
aqnifqaamituq	aqnigh(V)^[Opt.Neg.Pres.Trns]^[1Sg.3Pl]=tuq
neghuvangi	neghuvate(V)^[Abs.3SgPoss.Pl]
tangeghtungi	tangeghtu(V)^[Abs.3SgPoss.Pl]
tertelem	tertele(N)^[Rel.Sg]
melqwan	melqugh(N)^[Rel.3SgPoss.Sg]
awakaghaghmeggnilngughmun	awakaghagh(N)^[Loc.4PlPoss.Pl]^ete^@ngugh(V→N)^[All.Sg]
taam	taam(PTCL)
neghigatutmeggneng	negh(V)^@~:(ng)igate(V→V)^@~:(u)te(V→N)^[Abl_Mod.4PlPoss.Sg]
igleghusimakanga	igleghte(V)^@~:(i/u)ma(V→V)^[Ptcp.Trns]^[3Sg.3Sg]
uyaqghwakun	uyaqugh(N)^[Prl.3SgPoss.Sg]
taakunginaghhaagneng	taake(V)^~:(ng)u(V→V)^~:(ng)inagh*(N→N)^–ghhagh*(N→N)^[Abl_Mod.Du]
igleghaghtaamalghii	igleghte(V)^~aghte(V→V)^@~:(i/u)ma(V→V)^[Ptcp.Intr]^[3Sg]
neghesimangisimalghii	neghe(V)^@~:(i/u)mangite(V→V)^@~:(i/u)ma(V→V)^[Ptcp.Intr]^[3Sg]
piniipegsan	piniipegte(V)^[Cnsq1.Intr]^[3Sg]
tengsimakanga	tenge(V)^@~:(i/u)ma(V→V)^[Ptcp.Trns]^[3Sg.3Sg]
uyavaghpanun	uyavagh(N)^+pag(N→N)^[All.Pl]
sikugnesimalghii	siku(N)^[Loc.Du]^ete^@~:(i/u)ma(V→V)^[Ptcp.Intr]^[3Sg]
aglasimakanga	aglagh(V)^@~:(i/u)ma(V→V)^[Ptcp.Trns]^[3Sg.3Sg]
pinigepiglluku	piniqe(V)^–pigte(V→V)^[Sbrd.Trns]^[_.3Sg]
kelehgakistekluku	kelengakiste(N)^~–ke(N→V)^[Sbrd.Trns]^[_.3Sg]
teghiikusam	teghikusagh(N)^[Rel.Sg]
saaghhwaakun	saaghw(AREA)^[Prl.Sg]
Unuusisukangamnguq	Unuusisukanga(N)^[Rel.Sg]=nguq
Unuusisukanganguq	Unuusisukanga(N)^[Abs.Sg]=nguq
unaangum	unaangu(V)^[Rel.Sg]
neqanganun	neqe(N)^[All.3SgPoss.Sg]
iiteklagmi	iiteklag(N)^[Loc.Sg]
pinighqusiqlu	pinighqe(V)^~:(u)sigh(V→N)^[Abs.Sg]^=llu
ighivgaam	ighivagh(V)^[Rel.Sg]
aghhutanga	aghhutangatamaghhaan(PTCL)
kelaaset	kelaase(N)^[Abs.Pl]
iqangighsalghetlu	iqangigh(V)^+sagh(V→V)^–llegh(V→N)^[Abs.Pl]^=llu
pinighsalghetlu	pinigh(V)^+sagh(V→V)^–llegh(V→N)^[Abs.Pl]^=llu
perasaaqanka	perasa(V)~(g)aqe(V→V)^[Ind.Trns]^[1Sg.3Pl]
perasenka	peras(N)^[Abs.1SgPoss.Pl]
wiikeni	wiike(N)^[Loc.Sg]
pinighyuugtaquq	pinighyug(V)^–ghte(V→V)^~(g)aqe(V→V)^[Ind.Intr]^[3Sg]
peleghqengngiitat	peleghqe(V)^~:(ng)ite(V→V)^[Intrg.Intr]^[3Pl]
iqitngaghma	iqitngagh(POS→QUANTQUAL)^[1Sg]
hall-mi	hall(N)^[Loc.Sg]
tiiskama	tiite(V)^@~–(g)kagh(V→N)^[Rel.1SgPoss.Sg]
iqitniita	iqitngagh(POS→QUANTQUAL)^[3Pl]
fire	fire(N)^[Abs.Sg]
alarma	alarm(N)^[Abs.Sg]
aqfalighaataamagha	aqfa(V)^–ligh(N→V)^~aatagh(V→V)^@~:(i/u)magh*(V→QUANTQUAL)^[1Sg]
kaayteka	kaayte(N)^[Abs.1SgPoss.Sg]
electricgem	electric(N)^[Rel.Sg]
nekegneqlu	nekegte(V)^@~f–negh(V→N)^[Abs.Sg]^=llu
uteghvani	uteghvagh(V)^[Loc.Sg]
ayemrugtallu	ayemruugte(V)^[Abs.Sg]^=llu
fresh	fresh(ADJ)
iireyugaqunga	iire(N)^@~fyug(N→V)^~(g)aqe(V→V)^[Ind.Intr]^[1Sg]
aghhuta	aghhutangatamaghhaan(PTCL)
tamaghhaani	tamaghhagh*(QUANTQUAL)^[Loc.Sg]
kiyaghtaallghit	kiyaghte(V)^+aagh(V→V)^–llegh(V→N)^[Abs.3PlPoss.Pl]
yuvghiighaqaak	yuvghiigh(V)^~(g)aqe(V→V)^[Intrg.Intr]^[3Du]
maalghuneng	maalghug(NUM)^[Abl_Mod.Pl]
qanlenguq	qanlenguq(PTCL)
tevezneq	teveznegh(N)^[Abs.Sg]
ayakmitaq	ayakmitagh(V)^[Abs.Sg]
esluq	eslugh(V)^[Abs.Sg]
saasqa	saasqagh(N)^[Abs.Sg]
paagka	paagka(N)^[Abs.Sg]
kavuk	kavugh(N)^[Abs.Du]
yita	yite(V)^[Abs.Sg]
kiimlluk	kiimlug(POS)^[Abs.Sg]
kiimlluk	kiimlug(POS)^[Abs.Sg]
qetngiq	qetngigh(V)^[Abs.Sg]
kalefqun	kalefqute(N)^[Abs.Sg]
pugnan	pugnaate(N)^[Abs.Sg]
pugnaaqegtak	pugnaate(V)^@–nqegtagh(V→N)^[Abs.Sg]
kalevneghak	kaleve(V)^@~f–negh(V→N)^[Abs.Du]
ahneghtughtekestaghaqaa	aghneghtughte(V)^–kestagh(V→V)^~(g)aqe(V→V)^[Ind.Trns]^[3Sg.3Sg]
nunivagseghag	nunivagseghagh(N)^[Abs.Sg]
anuqatuq	anuqate(V)^[Ind.Intr]^[3Sg]
tengtestaghwaaghpenasi	tenge(V)^+(te)ste(CmpdVbl)^~–(ghw/ngw/w)aagh(V→V)^@-nghite(V→V)^[Sbrd.Intr]^[2Pl]
tengtestaghwaaghpenasi	tenge(V)^+(te)ste(CmpdVbl)^~–(ghw/ngw/w)aagh(V→V)^@-nghite(V→V)^[Sbrd.Intr]^[2Pl]
tengtestaghwaaghpenasi	tenge(V)^+(te)ste(CmpdVbl)^~–(ghw/ngw/w)aagh(V→V)^@-nghite(V→V)^[Sbrd.Intr]^[2Pl]
qasuqestaq	qasugh(N)^–kestagh(V→V)^[Abs.Sg]
igiitaghaaghtaa	igiitaghagh(N)^+te(N→V)^[Ind.Trns]^[3Sg.3Sg]
igleghtengnginaamaluta	igleghte(V)^~:(ng)inagh(V→V)^@~:(i/u)ma(V→V)^[Sbrd.Trns]^[_.1Pl]
amsanaghqwaagaa	amsanagh(N)^–ghqu(N→V)^~(g)aqe(V→V)^[Ind.Trns]^[3Sg.3Sg]
puqleghaagsimaa	puqleghaagh(N)^@~:(i/u)ma(V→V)^[Ind.Trns]^[3Sg.3Sg]
puqleghaagsimaa	puqleghaagh(N)^@~:(i/u)ma(V→V)^[Ind.Trns]^[3Sg.3Sg]
thermometer-em	thermometer(N)^[Rel.Sg]
zero	zero(NUM)
degrees	degree(N)^[Abs.Pl]
qanlenguqun	qanglengugh(PTCL)^=qun
teveznegha	teveznegh(N)^[Abs.3SgPoss.Sg]
ayakmitngaaq	ayakmitagh(V)^~fnga(POS→STATIVE)^[Ind.Intr]^[3Sg]
Pertum	Pertu(N)^[Rel.Sg]
anuqalnguq	anuqate(V)^@ngugh(V→N)^[Abs.Sg]
eslumun	eslugh(V)^[All.Sg]
skiitiingemeng	skiitiinge(N)^[Abl_Mod.Sg]
tengtesnaghtuq	tenge(V)^+(te)ste(CmpdVbl)^@~fnagh(V→V)^[Ind.Intr]^[3Sg]
a-ay	ay(PTCL)
America-mi	America(N)^[Loc.Sg]
paagkenguuq	paagken(DEM.ADV.Abl_Mod)^~:(ng)u(N→V)^[Ind.Intr]^[3Sg]
ikevaghmeng	ikevagh(N)^[Abl_Mod.Sg]
eltughwani	eltughagh*(N)^[Abs.4SgPoss.Sg]
kavyuguutegipenateng	kavyuguute(V)^@–nghite(V→V)^[Sbrd.Intr]^[4Pl]
yitaqa	yite(V)^[Ind.Trns]^[1Sg.3Sg]
kaaslampet	kaaslampe(N)^[Abs.Pl]
qaamnnemteki	qaame(V)^[Ctmp.Trns]^[1Pl.3Pl]
nanilgughngaamta	nanilghagh(N)^~fnga(POS→STATIVE)^[1Pl]
nanilgughngaamta	nanilghagh(N)^~fnga(POS→STATIVE)^[1Pl]
kalefqutet	kalefqute(N)^[Abs.Pl]
pugnatangi	pugnaate(V)^[Abs.3SgPoss.Pl]
pugnatangi	pugnaate(V)^[Abs.3SgPoss.Pl]
asilighneghanilnguut	asi(N):^–ligh(N→V)^[Ctmp.Intr]^[3Sg]^[Ptcp.Intr]^[3Pl]
kisaagut	kisaate(N)^[Ind.Intr]^[3Pl]
kisaagut	kisaate(N)^[Ind.Intr]^[3Pl]
pugnaaqegllak	pugnaate(N)^~(g)aqe(V→V)^–ghllag(V→N)^[Abs.Sg]
Pertu	Pertu(N)^[Abs.Sg]
kalevneghagllak	kaleve(V)^@~f–negh(V→N)^–ghllag(N→N)^[Abs.Sg]
kavyuguutegi-penateng	kavyuguute(V)^@–nghite(V→V)^[Sbrd.Intr]^[4Pl]
awazigi	awazigh(N)^[Abs.3SgPoss.Pl]
awazigi	awazigh(N)^[Abs.3SgPoss.Pl]
Pertum	Pertu(N)^[Rel.Sg]
tagilaghaasimalghiit	tagi(V)^~f-laghate(V→V)^@~:(i/u)ma(V→V)^[Ptcp.Intr]^[3Pl]
agaghluteng	agaghte(V)^[Sbrd.Intr]^[4Pl]
uyughwani	uyughagh*(N)^[Abs.4SgPoss.Sg]
sayugwaa	sayug(V)^[Ind.Trns]^[3Sg.3Sg]
kaagtughluku	kaagtugh(V)^[Sbrd.Trns]^[_.3Sg]
eltughwani	eltughagh*(N)^[Abs.4SgPoss.Pl]
nepaghqelliit	nepagh(V)^+qe(V→V)^–llegh(V→N)^[Abs.3PlPoss.Pl]
kepkaghyightut	kepkagh(V)^@~fyagh(V→V)^[Ind.Intr]^[3Pl]
igkamsuwaa	igkamsug(V)^[Ind.Trns]^[3Sg.3Sg]
igkaghaghaa	iigkaghagh(V)^[Ind.Trns]^[3Sg.3Sg]
itemtigu	iteme(V)^[Opt.Pres.Trns.2Sg.3Sg]
ilemtigu	ileme(V)^[Opt.Pres.Trns.2Sg.3Sg]
akuwaaghtaq	akugaagh(PTCL)^+tagh(N→V)^[Abs.Sg]
akuwaaghtaq	akugaagh(PTCL)^+tagh(N→V)^[Abs.Sg]
taanangwaaquq	[Anaphor]^whaa(DEM.PRO.Abs.Sg)^~–(ghw/ngw/w)aagh(V→V)^[Ind.Intr]^[3Sg]
tugunghiighaquq	tugunegh(N)^~:(ng)igh(N→V)^~(g)aqe(V→V)^[Ind.Intr]^[3Sg]
sufluwani	suflugagh(N)^[Loc.Pl]
igataghlequten	igatagh(V)^@lleqe(V→V)^[Ind.Intr]^[2Sg]
agaghluteng	agaghte(V)^[Sbrd.Intr]^[4Pl]
naagu	na(WH)^[Intrg.Trns]^[2Pl.3Sg]
naagu	na(WH)^[Intrg.Trns]^[2Pl.3Sg]
Pertunkunun	Pertu(N)^~sf-w:(e)nku(N→N)^[All.Sg]
nuligha	nulighh(N)^[Abs.3SgPoss.Sg]
estuwaghmi	estugagh*(N)^[Loc.Sg]
allgegbvigani	allgeghvig(N)^[Loc.3SgPoss.Sg]
akmagusiq	akmagu(V)^~:(u)sigh(V→N)^[Abs.Sg]
anʼgighluni	an'gigh(V)^[Sbrd.Intr]^[4Sg]
kiimlluguuq	kiimllug(POS)^~:(ng)u(V→V)^[Ind.Intr]^[3Sg]
kumangaghngaaghmek	kumagh(V)^~fnga(V→V)^[Conc.Intr]^[4Du]
mamleyaaghuftuq	mamleg(V)^@~fyaaghagh(V→V)^+(pete)fte(V→V)^[Ind.Intr]^[3Sg]
tuwaa	tugu(V)^[Ind.Trns]^[3Sg.3Sg]
awavaqaanlenguq	awavaqaanlenguq(PTCL)
milughnaqutnginaq	milugh(V)^@~fnaqute(V→V)^~:(ng)inagh*(N→N)^[Abs.Sg]
angalqataghagh-lluku	angalqatagh(V)^~aghte(V→V)^[Sbrd.Trns]^[_.3Sg]
mughusi-malghii	mughute(V)^@~:(i/u)ma(V→V)^@–lghii(V→N)^[Abs.Sg]
ellnginaghhaalghii	ellnginagh*(QUANTQUAL)^–ghhagh*(N→N)^@–lghii(V→N)^[Abs.Sg]
aghnaghaghpaggaaghtekaq	aghnaghagh*(N)^+paggagh(N→N)^~:(ng)ughte(N→V)^@~–(g)kagh(V→N)^[Abs.Sg]
kaamenganeng	kaame(N)^[Abl_Mod.3SgPoss.Sg]
taakwegkutgun	[Anaphor]^ukegku(DEM.PRO)^[Prl.Pl]
anʼgiqriqluni	an'giqragh(V)^––iqe(V→V)^[Sbrd.Intr]^[4Sg]
anʼgighngaaghmi	an'gigh(V)^[Conc.Intr]^[4Sg]
sak-maa-nii-nguuq	sakmani(DEM.ADV.Loc)^~:(ng)u(N→V)^[Ind.Intr]^[3Sg]
sak-maa-nii-nguuq	sakmani(DEM.ADV.Loc)^~:(ng)u(N→V)^[Ind.Intr]^[3Sg]
iitghelten	itegh(V)^[Opt.Pres.Intr]^[1Pl]
tawavek	[Anaphor]^awavek(DEM.ADV.All)
pilaataghtughnguq	pi(V)^@~flaatagh(V→V)^+tugh(V→V)^@ngugh(V→N)^[Abs.Sg]
maatenllaam	maatenllaam(PTCL)
avelghaghaak	avelghagh(V)^[Ind.Trns]^[3Sg.3Du]
tespikapighqaaghluku	tespikapighqaagh(V)^[Sbrd.Trns]^[_.3Sg]
sak-paa-tii-kuuq	sakmani(DEM.ADV.Loc)^~:(ng)u(N→V)^[Ind.Intr]^[3Sg]
sakpa	sakma(DEM.ADV)
utaaq	utaagh(N)^[Abs.Sg]
ii-maa	iime(V)^[Ind.Trns]^[3Sg.3Sg]
ii-paa	iime(V)^[Ind.Trns]^[3Sg.3Sg]
aghulaquu-si-maat	aghulaqe(V)^~(q/t)uute(V→V)^@~:(i/u)ma(V→V)^[Ind.Intr]^[3Pl]
aghulaquu-si-paat	aghulaqe(V)^~(q/t)uute(V→V)^@~:(i/u)ma(V→V)^[Ind.Intr]^[3Pl]
iitgheltet	itegh(V)^[Opt.Pres.Intr]^[1Pl]
peqsaghtaa	meqsaghtugh(V)^[Opt.Pres.Intr.2Sg]
iitqaghutkelluku	itegh(V)^~–qagh(V→V)^@~:(u)tke(V→V)^[Sbrd.Trns]^[_.3Sg]
tutemqaghqameng	tutemqagh(N)^+kagh(N→N)^[Abl_Mod.Sg]
tespikna	[Anaphor]^piikna(DEM.PRO.Abs.Sg)
taanangutanga	[Anaphor]^whaa(DEM.PRO.Abs.Sg)^~:(ng)u(N→V)^@~:(u)te(V→N)^[Abs.3SgPoss.Sg]
akuziighaatalghii	akuzi(V)^+aghaghte(V→V)^[Ptcp.Intr]^[3Sg]
tugwaa	tugu(V)^[Ind.Trns]^[3Sg.3Sg]
naagu	na(WH)^[Intrg.Trns]^[2Pl.3Sg]
naagu	na(WH)^[Intrg.Trns]^[2Pl.3Sg]
taananguftuq	[Anaphor]^whaa(DEM.PRO.Abs.Sg)^~:(ng)u(N→V)^+(pete)fte(V→V)^[Ind.Intr]^[3Sg]
aliinghakuun	aliinegh(N)^[Prl.3SgPoss.Sg]
amsanaakuun	amsanagh(N)^[Prl.3SgPoss.Sg]
kenlengitgun	kelenga(V)^[Prl.3PlPoss.Sg]
tamaagaa	tamaa(V)^[Ind.Trns]^[3Sg.3Sg]
teghiis-tek	neghigh(V)^~:(ng)u(V→V)^+(s)ta(V→N)^[Abs.Pl]
asitum	asi(AREA)^[All.Sg]
aya-ya-luuk	aya-ya-luuk(XCLM)
ku-uu-iiya	ku-uu-iiya(XCLM)
qghuugh	qghuugh(XCLM)
aay	aay(PTCL)
ataasighhaghmeng	ataasigh(NUM)^–ghhagh*(N→N)^[Abl_Mod.Sg]
estugwenkami	estug(N)^[Abs.1SgPoss.Pl]^=mi
taakwagun	[Anaphor]^ukagun(DEM.ADV.Prl)
agigngalghiignekun	agigte(V)^~fnga(V→V)^@–lghii(V→N)^[Prl.Du]
alii-luuy-ngen	aliiluyngen(PTCL)
aliiluyngen	aliiluyngen(PTCL)
elaayngen	elaayngen(PTCL)
sinang-awen	sinang-awen(PTCL)
ku-uuy	kuuy(PTCL)
u-uuy	u-uuy(PTCL)
quq	quq(PTCL)
meteghllugwem	meteghllug(N)^[Rel.Sg]
iighhwnnaqaanga	iighwte(V)^@~fnaqe(V→V)^[Ind.Trns]^[3Sg.1Sg]
sayugwaa	sayug(V)^[Ind.Trns]^[3Sg.3Sg]
ufsughqutaqluni	ufsulqutagh(V)^[Sbrd.Intr]^[4Sg]
nagun	na(WH)^[Prl.Sg]
ayguqliignekun	aygughqligh*(N)^[Prl.Du]
elpegmi	elpeni(PRO.Loc.2Sg)
mallaaghhaanun	mallagh(N)^–ghhagh*(N→N)^[All.3SgPoss.Sg]
eslumun	eslugh(V)^[All.Sg]
ifkamalghii	ifkagh(V)^@~:(i/u)ma(V→V)^[Ptcp.Intr]^[3Sg]
taam	taam(PTCL)
tuqaaghesnaq	tuqu(V)^~f(a)ghesnagh(V→V)^[Abs.Sg]
nguugraghaak	nguugragh(V)^[Ind.Trns]^[3Sg.3Du]
neghaak	neghe(V)^[Ind.Trns]^[3Sg.3Du]
tunughllaguftughnguq	tunugh(N)^–ghllag(N→N)^~:(ng)u(N→V)^+(pete)fte(V→V)^+tugh(N→V)^[Ptcp.Intr]^[3Sg]
saaghhwaakun	saaghw(N)^[Prl.3SgPoss.Sg]
naanlluni	na(WH)^+nte(N→V)^[Sbrd.Intr]^[4Sg]
arekulngamnguq	arekull(PTCL)^=ngam^=nguq
paamnangakun	paamna(DEM.PRO.Abs.Sg)^[Prl.3SgPoss.Sg]
arekulngam	arekull(PTCL)^=ngam
tengugwenka	tengug(N)^[Abs.1SgPoss.Pl]
aangwllaasinka	aangwaagh(V)^~:(u)sigh(V→N)^[Abs.1SgPoss.Pl]
huk	huk(PTCL)
tulimiikun	tulimagh(N)^[Prl.Sg]
kalngagalleghqwaaq	kalngagagh(N)^–llegh(V→N)+kwaagh(N→N)^[Abs.Sg]
melqumsuwhiighusimakanga	melqugh(N)^–msuggagh*(N→N)^@~:(u)te(V→N)^@~:(i/u)ma(V→V)^[Ptcp.Trns]^[3Sg.3Sg]
melqumsuwhiighusimakanga	melqugh(N)^–msuggagh*(N→N)^@~:(u)te(V→N)^@~:(i/u)ma(V→V)^[Ptcp.Trns]^[3Sg.3Sg]
naangtengngwaaghluku	naangngwaaghagh(V)^[Sbrd.Trns]^[_.3Sg]
pugnaaqutkennanighsiki	pugnaaqute(N)^@~:(u)tke(V→V)^@~fnanigh(V→V)^[Intrg.Trns]^[2Sg.3Pl]
suflughragmeng	suflugh(N)^+raag(N→N)^[Abl_Mod.Sg]
teghhumaaqelghiinga	teghhute(V)^@~:(i/u)ma(V→V)^~(g)aqe(V→V)^@–lghii(V→N)^[Abs.3SgPoss.Sg]
teghhumasiqa	teghhute(V)^@~:(i/u)ma(V→V)^~:(u)sigh(V→N)^[Abs.1SgPoss.Sg]
tungtulugwem	tungtu(N)^–lug(N→N)^[Rel.Sg]
puqlaaqutet	puqlate(V)^~(g)aqe(V→V)^@~:(u)te(V→N)^[Rel.Pl]
suupeghlaguuq	suupe(V)^–ghllagu(V→V)^[Ind.Intr]^[3Sg]
iniighet	iniigh(N)^[Abs.Pl]
anuqatuq	anuqate(V)^[Ind.Intr]^[3Sg]
tawatetuq	tawate(V)^[Ind.Intr]^[3Sg]
qamiyngakun	qamiye(N)^[Prl.3SgPoss.Sg]
piyukenghinneghmegteki	piyuke(V)^@–nghite(V→V)^[Ctmp.Trns]^[4Pl.3Pl]
tuunyunghinneghmegteki	tuune(V)^@~f–yu(V→V)^@–nghite(V→V)^[Ctmp.Trns]^[4Pl.3Pl]
tuunyunghinniiqiit	tuune(V)^@~fyug(V→V)^@-nghite(V→V)^@~fniigh(V→V)^@~–(g)kagh(V→N)^[Abs.3PlPoss.Pl]
ighsaakaa	ighsake(V)^[Ind.Trns]^[3Sg.3Sg]
taagaveqaaghaq	[Anaphor]^aga(DEM.ADV)
tutmaghwaanqusiin	tutmaghwaagh(V)^@~f–negh(V→N)^@~:(u)te(V→N)^[Intrg.Intr.2Sg]
Tawavek	[Anaphor]^awavek(DEM.ADV.All)
Iistumii	Iistumii(N)^[Abs.Sg]
Qugtuqaghtuurughmii	Qugtuqaghtuurughmii(N)^[Abs.Sg]
Aghveghtughmii	Aghveghtughmii(N)^[Abs.Sg]
tallimaat	tallimat(NUM)
Ullungagtuuru	Ullungagtuuru(N)^[Abs.Sg]
tawanlluki	[Anaphor]^whaa(DEM.ADV.Loc)^[Sbrd.Trns]^[_.3Pl]
siqlugwaq	siqlugagh(N)^[Abs.Sg]
ugwinga	ugi(N)^[Abs.3SgPoss.Sg]
Iistumiim	Isistumii(N)^[Rel.Sg]
siqlugwaghqu	siqlugaghqu(V)^[Opt.Pres.Intr.2Sg]
ugwingan	ugi(N)^[Rel.3SgPoss.Sg]
siqlugwani	siqlugagh(N)^[Loc.Pl]
ugwini	ugi(N)^[Abs.4SgPoss.Sg]
aay	aay(PTCL)
uqesqaghhaghma	uqesqagh(N)^–ghhagh*(N→N)^[Rel.1SgPoss.Sg]
Iistumiinkut	Iistumii(N)^~sf-w:(e)nku(N→N)^[Abs.Pl]
Aghveghtughmiinkut	Aghveghtughmii(N)^~sf-w:(e)nku(N→N)^[Abs.Pl]
Ullungagtuurunkut	Ullungagtuuru(N)^~sf-w:(e)nku(N→N)^[Abs.Pl]
naangsimiit	naange(V)^+te(V→V)^@~:(i/u)ma(V→V)^[Ind.Trns]^[3Du.1Pl]
qeteghaghtuq	qetegh(POS)^~aghte(V→V)^[Ind.Intr]^[3Sg]
maketengngaay	makete(V)^[Opt.Pres.Trns]^[2Pl.1Sg]^[Voc.Sg]
maketengngaay	makete(V)^[Opt.Pres.Trns]^[2Pl.1Sg]^[Voc.Sg]
ngaay	ngaay(XCLM)
taawanlengughnguq	tawanlenguq(PTCL)=nguq
ugwatangani	uga(DEM.ADV)^+ta(DEM→N)^[Loc.3SgPoss.Sg]
taam	taam(PTCL)
Qughrughaam	Qughrughagh(N)^[Rel.Sg]
Kuyapegrugaaghem	Kuyapergrugaagh(N)^[Rel.Sg]
esghapaghngaaghmigu	esghapag(V)^[Conc.Trns]^[4Sg.3Sg]
piniqaaghtaa	piniqe(V)^~aghte(V→V)^[Ind.Trns]^[3Sg.3Sg]
aqumesimakanga	aqume(V)^@~:(i/u)ma(V→V)^[Ptcp.Trns]^[3Sg.3Sg]
nalugumakestaamaluku	nalug(V)^@~:(i/u)ma(V→N)^–kestagh(V→V)^@~:(i/u)ma(V→V)^[Sbrd.Trns]^[_.3Sg]
meteghllugwem	meteghllug(N)^[Rel.Sg]
anipaay	anipa(N)^[Voc.Sg]
naagu	na(WH)^[Intrg.Trns]^[2Pl.3Sg]
naagu	na(WH)^[Intrg.Trns]^[2Pl.3Sg]
qghwaaghwq	qghwaaghwq(PTCL)
ii	ii(PTCL)
akiingqwaghtaghii	akiingqwaghte(V)^[Ind.Trns]^[3Sg.3Pl]
uqitaqestaghngaan	uqigh(V)^+tagh(V→V)^–kestagh(V→V)^[Conc.Intr]^[3Sg]
yuwhaghnguq	yuwhagh(N)^[Abs.Sg]^=nguq
unangupiglluku	unaangu(V)^–pigte(V→V)^[Sbrd.Trns]^[_.3Sg]
esnighqwataamalghii	esnighqwagh(V)^@~:(i/u)ma(V→V)^[Ptcp.Intr]^[3Sg]
qalghilqwaaghaghaqelghii	qalghigh(V)^~–qaghaqe(V→V)^~(g)aqe(V→V)^[Ptcp.Intr]^[3Sg]
qalghilqwaaghaghaqelghii	qalghigh(V)^~–qaghaqe(V→V)^~(g)aqe(V→V)^[Ptcp.Intr]^[3Sg]
aqnighqwaaluni	aqnighqe(V)^~–(ghw/ngw/w)aagh(V→V)^[Sbrd.Intr]^[3Sg]
tawatestaghhinaq	tawatestaghhiinaq(PTCL)
yuwhaam	yughagh(N)^[Rel.Sg]
naantulnga	naantulnga(PTCL)
itegaghhiini	itegagh(N)^–ghhagh*(N→N)^~:(ng)inagh*(N→N)^[Abs.3SgPoss.Pl]
mulaqumaluku	mulaagh(V)^–qu(V→V)^@~:(i/u)ma(V→V)^[Sbrd.Trns]^[_.3Sg]
tawavek	[Anaphor]^awavek(DEM.ADV.All)
utaaqaa	utaqa(V)^[Ind.Trns]^[3Sg.3Sg]
yataaghqengngwaaghluni	yataaghqe(V)^~–(ghw/ngw/w)aagh(V→V)^[Sbrd.Intr]^[4Sg]
quyam	quya(V)^[Rel.Sg]
yugwem	yug(N)^[Rel.Sg]
yuwhaq	yuwhagh(N)^[Abs.Sg]
sukaaghtaa	suka(N)^–ghte(N→V)^[Ind.Trns]^[3Sg.3Sg]
maateqwaaqun	maateqwaaqun(PTCL)
quyaalaataghtuq	quya(V)^@~flaatagh(V→V)^[Ind.Intr]^[3Sg]
akileghtumakanga	akileghtugh(V)^@~:(i/u)ma(V→V)^[Ptcp.Trns]^[3Sg.3Sg]
sukaghimeng	sukaghi(V)^[Abl_Mod.Sg]
depends	depends(V)
on	on(PP)
uusluki	uulte(V)^[Sbrd.Trns]^[_.3Pl]
piyunemteki	piyug(V)^[Ctmp.Trns]^[1Pl.3Pl]
neghsatiu	neghsagh(N)^[Abs.Pl]^=llu
mash	mash(ADJ)
bowl-kun	bowl(N)^[Prl.Sg]
sakarameng	sakara(N)^[Abl_Mod.Sg]
angurghaallukek	angurghaate(V)^[Sbrd.Trns]^[_.3Du]
sakara	sakara(N)^[Abs.Sg]
package-k	package(N)^[Abs.Du]
yeast-ak	yeast(N)^[Abs.Du]
tawavek	[Anaphor]^awavek(DEM.ADV.All)
palaqaniiluku	palaqanite(N)^[Sbrd.Trns]^[_.3Sg]
palaqaniiluku	palaqanite(N)^[Sbrd.Trns]^[_.3Sg]
pengughughlluki	pengugh(N)^~:(ng)ughte(N→V)^[Sbrd.Trns]^[_.3Sg]
alquutaghpaget	alquutagh(N)^+pag(N→N)^[Abs.Pl]
sakaramun	sakara(N)^[All.Sg]
parankugnun	para(N)^~sf-w:(e)nku(N→N)^[All.Pl]
sakarankugnun	sakara(N)^~sf-w:(e)nku(N→N)^[All.Pl]
sakarankugnun	sakara(N)^~sf-w:(e)nku(N→N)^[All.Pl]
angurghaalluku	angurghaate(V)^[Sbrd.Intr]^[4Sg]
fresh	fresh(ADJ)
milk-meng	milk(N)^[Abl_Mod.Sg]
dry	dry(ADJ)
milk	milk(N)^[Abs.Sg]
yeast-allu	yeast(N)^=llu
nunmaawhaq	nunmaaggaq(PTCL)
eggbeater-elgukuvek	eggbeater(N)^e(YUPIKALIZER)^–lgu(N→V)^[Cond.Intr]^[2Sg]
electric	electric(ADJ)
beater-elgukuvek	beater(N)^e(YUPIKALIZER)^–lgu(N→V)^[Cond.Intr]^[2Sg]
angurghaannaken	angurghaate(V)^[Opt.Fut.Trns]^[2Sg.3Sg]
beater-meng	beater(N)^[Abl_Mod.Sg]
sangighquusimeng	sangighqugh(V)^~:(u)sigh(V→N)^[Abl_Mod.Sg]
vegllumeng	vegllug(N)^[Abl_Mod.Sg]
efluugalget	eflugagh(N)^–leg(N→N)^[Abs.Pl]
amiqsaqanganeng	amigh(N)^~–ke(N→V)^@~fyagh(V→V)^@~–(g)kagh(V→N)^[Abl_Mod.3SgPoss.Sg]
sangwat	sa(N)^~:(ng)u(N→V)^[Intrg.Intr]^[3Pl]
sangaawatii	sa(N)^~:(ng)u(N→V)^[Intrg.Intr]^[3Pl]^=lli
puygaanka	puygu(V)^[Ind.Trns]^[1Sg.3Pl]
puyuqerugaqegkangi	puyuqe(V)^–ghrug(V→V)^~(g)aqe(V→V)^[Ptcp.Trns]^[3Sg.3Pl]
maanaaqluki	maana(DEM.PRO.Abs.Sg)^~(g)aqe(V→V)^[Sbrd.Trns]^[_.3Pl]
aqlaghaghraagmi	aqlagha(N)^–ghraag(V→V)^[Loc.Sg]
qateghraketun	qateghrakegtagh(N)^[Equ.Sg]
supelgaghluteng	supelghagh(V)^[Sbrd.Intr]^[4Pl]
tanughqengngwaaghaqegkangit	tanughqe(V)^~−(ghw/ngw/w)aagh(V→V)^~(g)aqe(V→V)^[Ptcp.Trns]^[3Pl.3Pl]
nekegsaghwaaghaqelghiit	ne(N)^~–kegte(N→V)^+sagh(V→V)^~–(ghw/ngw/w)aagh(V→V)^~(g)aqe(V→V)^[Ptcp.Intr]^[3Pl]
engkangaam	enkaamngam(PTCL)
engkaangam	enkaamngam(PTCL)
aftanemteki	afta(V)^[Ctmp.Trns]^[1Pl.3Pl]
mesiighiitngwaaghluki	mesiigh(N)^~:(ng)ite(N→V)^~–(ghw/ngw/w)aagh(V→V)^[Sbrd.Trns]^[_.3Pl]
clothesline-kun	clothesline(N)^[Prl.Sg]
niightughaqhiki	niightugh(V)^~(g)aqe(V→V)^[Sbrd.Trns]^[_.3Pl]
pellughiki	pellug(V)^[Sbrd.Trns]^[_.3Pl]
maalghut	maalghug(NUM)^[Abs.Pl]
naalkakluku	naalkagh(N)^~–ke(N→V)^[Sbrd.Trns]^[_.3Sg]
zipper-elighluki	zipper(N)^e(YUPIKALIZER)^–ligh(N→V)^[Sbrd.Trns]^[_.3Pl]
ughfigi	ughhe(V)^@~fvig(V→N)^[Abs.3SgPoss.Pl]
qiipaghaghhaglimeng	qiipagh(N)^–ghhagh*(N→N)^[Abl_Mod.Sg]
nungighsigliluki	nungighte(N)^@sigh(N→V)^[Sbrd.Trns]^[_.3Pl]
nungighsigliluki	nungighte(N)^@sigh(N→V)^[Sbrd.Trns]^[_.3Pl]
angtalngakun	angtala(N)^[Prl.3SgPoss.Sg]
qulliget	qullig(V)^[Abs.Pl]
ilepghaaghes	ilepghaagheg(N)^[Abs.Pl]
ilepghaaghet	ilepghaagheg(N)^[Abs.Pl]
yearling-et	yearling(N)^[Abs.Pl]
ilepghaangllaghaqut	ilepghaagheg(N)^–ngllagh(N→V)^~(g)aqe(V→V)^[Ind.Intr]^[3Pl]
yukutaghraaggneghata	yukutate(V)^–ghraagte(V→V)^[Ctmp.Intr]^[3Pl]
petlugaqiit	pellug(V)^~(g)aqe(V→V)^[Ind.Trns]^[3Pl.3Pl]
uniilliighaghaqut	uniilliighaghte(V)^~(g)aqe(V→V)^[Ind.Intr]^[3Pl]
uniilliighallghitnun	uniilliighaghte(V)^–llegh(V→N)^[All.3PlPoss.Pl]
uniilliighaneghata	uniilliighaghte(V)^[Ctmp.Intr]^[3Pl]
kavighvaagmeng	kavighyaag(N)^[Abl_Mod.Sg]
maananayukata	maana(DEM.PRO.Abs.Sg)^[Volitive.Of.Fear]^[3Pl]
lliighqellghiit	liighqe(V)^[Ptcp.Intr]^[3Pl]
nallukekanighanka	nalluke(V)^~–kanigh(V→V)^[Ind.Trns]^[1Sg.3Pl]
tuungghughlluteng	tunge(N)^–ghte(N→V)^[Sbrd.Intr]^[4Pl]
esnelaagusighluki	esnelaaghute(V)^@sigh(N→V)^[Sbrd.Trns]^[_.3Pl]
qiipaghaghhaghmeag	qiipagh(N)^–ghhagh*(N→N)^[Abl_Mod.Sg]
temkaam	temkag(N)^[Rel.Sg]
qamanlluki	qamani(DEM.ADV.Loc)^[Sbrd.Trns]^[_.3Pl]
kamegkat	kameg(N)^+kagh(N→N)^[Abs.Pl]
mesiivreghaghtenghata	mesiigh(N)^–vreghagh(N→N)^+te(N→V)^[Ctmp.Intr]^[3Pl]
brush-aqaput	brush(V)^~(g)aqe(V→V)^[Ind.Trns]^[1Pl.3Pl]
soap-elighluki	soap(N)^e(YUPIKALIZER)^–ligh(N→V)^[Sbrd.Trns]^[_.3Pl]
brush-eluki	brush(V)^e(YUPIKALIZER)^[Sbrd.Trns]^[_.3Pl]
yuqutaghtesqelluki	yuqutagh(N)^+te(N→V)^~sf:(e)sqe(CmpdVbl)^[Sbrd.Trns]^[_.3Pl]
yuqutaghhneghata	yuqutagh(N)^[Ctmp.Intr]^[3Pl]
temkagkat	temkag(N)^+kagh(N→N)^[Abs.Pl]
sanaghhnemteki	sanaghte(V)^[Ctmp.Trns]^[1Pl.3Pl]
taaqnemteki	taaqe(V)^[Ctmp.Trns]^[1Pl.3Pl]
melqwighaas	melqiighagh(N)^[Abs.Pl]
melqwighaas	melqiighagh(N)^[Abs.Pl]
melqwighaas	melqiighagh(N)^[Abs.Pl]
uygaaghqas	uygaagh(N)^+kagh(N→N)^[Abs.Pl]
amiiiii	amiiragh(N)^[Abs.3SgPoss.Pl]
iiknemteki	iike(V)^[Ctmp.Trns]^[1Pl.3Pl]
iixi	iigge(N)^[Abs.3SgPoss.Pl]
tawanlluki	[Anaphor]^whaa(DEM.ADV.Loc)^[Sbrd.Trns]^[_.3Pl]
uygaaghqat	uygaagh(N)^+kagh(N→N)^[Abs.Pl]
maalghuguluta	maalghug(NUM)^~:(ng)u(N→V)^[Sbrd.Trns]^[_.3Pl]
mehghluki	mesugh(N)^[Sbrd.Trns]^[_.3Pl]
mehghluki	mesugh(N)^[Sbrd.Trns]^[_.3Pl]
kenlangangwaallghit	kenlanga(PTCL)^~–(ghw/ngw/w)aagh(V→V)^[Ptcp.Intr]^[3Pl]
ughsighaqut	ughhe(V)^@sigh(V→V)^~(g)aqe(V→V)^[Ind.Intr]^[3Pl]
suggellghelguut	segge(V)^–llegh(V→N)^–lgu(N→V)^[Ind.Intr]^[3Pl]
suggellghelguut	segge(V)^–llegh(V→N)^–lgu(N→V)^[Ind.Intr]^[3Pl]
ghefeighnaqnemteki	gheve(V)^+sigh(V→V)^@~fnaqe(V→V)^[Ctmp.Trns]^[1Pl.3Pl]
ghefeighnaqnemteki	gheve(V)^+sigh(V→V)^@~fnaqe(V→V)^[Ctmp.Trns]^[1Pl.3Pl]
ghefsineghmeng	gheve(V)^+sigh(V→V)^@~f–negh(V→N)^[Rel.4PlPoss.Sg]
kakilaghaqaput	kakilagh(V)^~(g)aqe(V→V)^[Ind.Trns]^[1Pl.3Pl]
ukimallghelgellghiit	uki(V)^@~:(i/u)ma(V→V)^–llegh(V→N)^–lgu(N→V)^[Ptcp.Intr]^[3Sg]
kakilaghluki	kakilagh(V)^[Sbrd.Trns]^[_.3Pl]
naasqwi	naasqugh(N)^[Abs.3SgPoss.Pl]
qaamkungitneng	qaamku(DEM.PRO)^[Abl_Mod.3PlPoss.Pl]
uygaaghqam	uygaagh(N)^+kagh(N→N)^[Rel.Sg]
taam	taam(PTCL)
ukimallghelgimayukata	uki(V)^@~:(i/u)ma(V→V)^–llegh(V→N)^–lgu(N→V)^[Volitive.Of.Fear]^[3Pl]
ukimallghelgimayukata	uki(V)^@~:(i/u)ma(V→V)^–llegh(V→N)^–lgu(N→V)^[Volitive.Of.Fear]^[3Pl]
kakisim	kaki(V)^~:(u)sigh(V→N)^[Rel.Sg]
qiipanghutaghhaaneng	qiipe(V)^@~f–negh(V→N)^@~:(u)ta(V→N)^–ghhagh*(N→N)^[Abl_Mod.Pl]
qiipanghutaghhaaneng	qiipe(V)^@~f–negh(V→N)^@~:(u)ta(V→N)^–ghhagh*(N→N)^[Abl_Mod.Pl]
ghuuqusighluki	ghuugh(V)^~:(u)sigh(V→N)^[Sbrd.Trns]^[_.3Pl]
ghuughaqaput	ghhuugh(V)^~(g)aqe(V→V)^[Ind.Trns]^[1Pl.3Pl]
kumlaanneghata	kumlate(V)^[Ctmp.Intr]^[3Pl]
uugnangi	uugna(DEM.PRO.Abs.Sg)^[Abs.3SgPoss.Pl]
uyaqughhi	uyaqugh(N)^[Abs.3SgPoss.Pl]
uyaqughhi	uyaqugh(N)^[Abs.3SgPoss.Pl]
kelaghlluki	kelag(V)^[Sbrd.Trns]^[_.3Pl]
anuqam	anuqe(V)^[Rel.Sg]
tawantaqut	[Anaphor]^whaa(DEM.ADV.Loc)^~(g)aqe(V→V)^[Ind.Intr]^[3Pl]
atughaqaghput	atugh(V)^~(g)aqe(V→V)^[Ind.Trns]^[1Pl.3Pl]
talliighiitgun	talligh(N)^–ghhagh*(N→N)^[Prl.3PlPoss.Pl]
talliighiitgun	talligh(N)^–ghhagh*(N→N)^[Prl.3PlPoss.Pl]
uvghiinemteki	uygii(V)^[Ctmp.Trns]^[1Pl.3Pl]
ghefsighluki	gheve(V)^+sigh(V→V)^[Sbrd.Trns]^[_.3Pl]
tungangakun	tunge(N)^[Prl.3SgPoss.Sg]
tungatgun	tunge(N)^[Prl.Pl]
qaamkunganeng	qaamku(DEM.PRO)^[Abl_Mod.3SgPoss.Sg]
ukimallghelgunayukata	uki(V)^@~:(i/u)ma(V→V)^–llegh(V→N)^–lgu(V→V)^[Volitive.Of.Fear]^[3Pl]
imlaangiighhaas	imlaa(N)^~fngiighhagh*(N→N)^[Abs.Pl]
aftanaqnemteki	afta(V)^@~fnaqe(V→V)^[Ctmp.Trns]^[1Pl.3Pl]
aftanaqmteki	afta(V)^@~fnaqe(V→V)^[Ctmp.Trns]^[1Pl.3Pl]
amiiraaghhii	amiiragh(N)^-ghhagh*(N→N)^[Abs.3SgPoss.Pl]
ghhuunemteki	ghhuugh(V)^[Ctmp.Trns]^[1Pl.3Pl]
naasqwakun	naasqugh(N)^[Prl.3SgPoss.Sg]
sevlughakun	seve(V)^lugh(V→N)^[Prl.3SgPoss.Sg]
ghhatamaghmeng	ghhatagh(V)^@~:(i/u)magh*(V→QUANTQUAL)^[4Pl]
amiiras	amiiragh(N)^[Abs.Pl]
itghuiluki	itghute(V)^[Sbrd.Trns]^[_.3Pl]
sevlughhwaaneng	seve(V)^lugh^–ghhagh*(N→N)^[Abl_Mod.Pl]
qapiqeltaghluki	qapigh(V)^–ngeltagh(V→V)^[Sbrd.Trns]^[_.3Pl]
estughitneng	estug(N)^[Abl_Mod.3PlPoss.Pl]
qepughluki	qepugh(V)^[Sbrd.Trns]^[_.3Pl]
kinengllaghaqht	kinegh(V)^-ngllagh(V→V)^~(g)aqe(V→V)^[Ind.Trns]^[3Pl.3Pl]
qillaghlluki	qilleghte(V)^[Sbrd.Trns]^[_.3Pl]
ugtinghas	ugtinghagh(N)^[Abs.Pl]
kiighutesnemteki	kiighte(V)^+(te)ste(CmpdVbl)^[Ctmp.Trns]^[1Pl.3Pl]
ghevenghata	gheve(V)^[Ctmp.Intr]^[3Pl]
amiiraghhaas	amiiragh(N)^-ghhagh*(N→N)^[Abs.Pl]
ugtinghet	ugtinghagh(N)^[Abs.Pl]
uqfiillegam	uqfillegagh(N)^[Rel.Sg]
savighhwaaghluki	savigh(V)^~–(ghw/ngw/w)aagh(V→V)^[Sbrd.Trns]^[_.3Pl]
tepenghata	tepe(V)^[Ctmp.Intr]^[3Pl]
uqfiillegat	uqfillegagh(N)^[Abs.Pl]
qaayghulegenghata	qaayghu(N)^–leg(N→N)^e(EV)^[Ctmp.Intr]^[3Pl]
savighhenaamaluki	savighhe(V)^@~fnaagh(V→V)^@~:(i/u)ma(V→V)^[Sbrd.Trns]^[_.3Pl]
unlleghumaghmeng	unglleg(V)^@~:(i/u)magh*(V→QUANTQUAL)^[4Pl]
qaayghus	qaayghu(N)^[Abs.Pl]
ugtinghitkaaqaput	ugtinghagh(N)^@~:(u)tke(V→V)^~(g)aqe(V→V)^[Ind.Trns]^[1Pl.3Pl]
ugtinghitkaaqaput	ugtinghagh(N)^@~:(u)tke(V→V)^~(g)aqe(V→V)^[Ind.Trns]^[1Pl.3Pl]
ughtinghitet	ugtinghagh(N)^@~:(u)te(V→N)^[Abs.Pl]
kuuvenemteki	kuuve(V)^[Ctmp.Trns]^[1Pl.3Pl]
kavighqwaaghaqut	kavigh(N)^––igh(N→V)^~-(ghw/ngw/w)aagh(V→V)^~(g)aqe(V→V)^[Ind.Intr]^[3Pl]
puufsighluki	puuve(V)^+sigh(V→V)^[Sbrd.Trns]^[_.3Pl]
itghuugunneghsighaqaputi	itghuugute(V)^@~f–negh(V→N)^+sigh(V→V)^~(g)aqe(V→V)^[Ind.Trns]^[1Pl.3Pl]
elngaata	elngaatall(PTCL)
ugtinghitet	ugtinghagh(N)^@~:(u)te(V→N)^[Abs.Pl]
kepellghaanun	kepellegh(N)^[All.3SgPoss.Sg]
atughqaalluki	atugh(N)^+kagh(N→N)^~:(ng)u(N→V)^[Sbrd.Trns]^[_.3Pl]
kelaggnemteki	kelag(V)^[Ctmp.Trns]^[1Pl.3Pl]
kehigi	kelug(N)^[Abs.3SgPoss.Pl]
aghighhaqapus	aghi(V)^ghh^~(g)aqe(V→V)^[Ind.Trns]^[1Pl.3Pl]
pellumghaghaqaput	pellug(V)^–mqaghte(V→V)^~(g)aqe(V→V)^[Ind.Trns]^[1Pl.3Pl]
atughqaghqaqaput	atugh(N)^+kagh(N→N)^~-ke(N→V)^~(g)aqe(V→V)^[Ind.Trns]^[1Pl.3Pl]
sukilpaghhaas	sukilpagh*(N)^–ghhagh*(N→N)^[Abs.Pl]
atkugkaaghhneghmegteld	atkugkagh(N)^–ghte(N→V)^[Ctmp.Trns]^[4Pl.3Pl]
atkugkaaghhneghmegteld	atkugkagh(N)^–ghte(N→V)^[Ctmp.Trns]^[4Pl.3Pl]
qugiinii	quginagh(N)^[Abs.3SgPoss.Pl]
qavngarugllak	qavngaq(WH)^–ghrug(V→V)^–ghllag(V→N)^[Abs.Sg]
qavngarugllak	qavngaq(WH)^–ghrug(V→V)^–ghllag(V→N)^[Abs.Sg]
ughhustaqiit	ughhe(V)^~:(ng)u(V→V)^+(te)ste(CmpdVbl)^~(g)aqe(V→V)^[Ind.Trns]^[3Pl.3Pl]
mesiighneghitngwaanghata	mesiigh(V)^@–nghite(V→V)^~–(ghw/ngw/w)aagh(V→V)^[Ctmp.Intr]^[3Pl]
mesiighneghitngwaanghata	mesiigh(V)^@–nghite(V→V)^~–(ghw/ngw/w)aagh(V→V)^[Ctmp.Intr]^[3Pl]
sategtaqnayagaput	sategte(V)^~(g)aqe(V→V)^@~fnayagh(V→V)^[Ind.Trns]^[1P.3Pl]
amighqwaaghii	amighqwaagh(N)^–ghhagh*(N→N)^[Abs.3SgPoss.Pl]
nuvmghluki	nuvugh(V)^[Sbrd.Trns]^[_.3Pl]
tukruugfagilata	tukrug(V)^~:(ng)ughte(N→V)^[Prec.Intr]^[3Pl]
seggughaqiit	segge(V)^:ughagh(V→V)^~(g)aqe(V→V)^[Ind.Trns]^[1Pl.3Pl]
qafsinwaaqat	qafsineg(WH)^~:(ng)u(N→V)^~(g)aqe(V→V)^[Intrg.Intr]^[3Pl]
sukilpat	sukilpagh*(N)^[Abs.Pl]
melqwaneng	melqugh(N)^[Abl_Mod.3SgPoss.Sg]
nagnaaqusighluki	nagnaaqute(N)^@sigh(N→V)^[Sbrd.Trns]^[_.3Pl]
puvisighaqiitlu	puvite(N)^@sigh(N→V)^~(g)aqe(V→V)^[Ind.Trns]^[1Pl.3Pl]^=llu
taghneqegtaa	tagnegh(V)^@–nqegtagh(V→N)^[Abs.3SgPoss.Sg]
uqemelengestaaghhaat	uqe(N)^–mleghagh(N→N)^–ngestagh(N→N)^–ghhagh*(N→N)^[Abs.Pl]
uqemelengestaaghhaat	uqe(N)^–mleghagh(N→N)^–ngestagh(N→N)^–ghhagh*(N→N)^[Abs.Pl]
atkugkaaghhneghmegteki 	atkug(N)^+kagh(N→N)^[Ctmp.Trns]^[4Pl.3Pl]
ighneghlluges	ighneghllug(N)^[Abs.Pl]
maklaguugut	maklagu(N)^~:(ng)u(N→V)^[Ind.Intr]^[3Pl]
natangi	natu(WH)^[Abs.3SgPoss.Pl]
natangi	natu(WH)^[Abs.3SgPoss.Pl]
taanʼgani	[Anaphor]^un'gani(DEM.ADV.Loc)
qaanmangi	qaamna(DEM.PRO.Abs.Sg)^[Abs.3SgPoss.Pl]
qaanmangi	qaamna(DEM.PRO.Abs.Sg)^[Abs.3SgPoss.Pl]
kdigaghaqiit	keligagh(V)^~(g)aqe(V→V)^[Ind.Trns]^[3Pl.3Pl]
narangunaan	naranghite(V)^[Sbrd.Trns]^[_.3Sg]
enraghngam	enragh(PTCL)^=ngam
aghsughhnaqenghinneghmegteki	aghsugh(V)^@~fnaqe(V→V)^@–nghite(V→V)^[Ctmp.Trns]^[4Pl.3Pl]
aghsughhnaqenghinneghmegteki	aghsugh(V)^@~fnaqe(V→V)^@–nghite(V→V)^[Ctmp.Trns]^[4Pl.3Pl]
kiinghwaanghata	kinegh(V)^~–(ghw/ngw/w)aagh(V→V)^[Ctmp.Intr]^[3Pl]
seggughluki	segge(V)^@qugh(V→V)^[Sbrd.Trns]^[_.3Pl]
aghsughtas	aghsughaghsugh(V)^@~:(u)te(V→N)^[Abs.Pl]
aghsughtas	aghsughaghsugh(V)^@~:(u)te(V→N)^[Abs.Pl]
iiggemeggneng	iigge(N)^[Abl_Mod.4PlPoss.Sg]
atighaqsaghet	atigh(V)^~(g)aqe(V→V)^+sagh(V→V)^[Abs.Pl]
uusiuki	uulte(V)^[Sbrd.Trns]^[_.3Pl]
uusiuki	uulte(V)^[Sbrd.Trns]^[_.3Pl]
kanaghlluget	kanagh(V)^+llug(V→V)^[Abs.Pl]
ighncghllupiget	ighneghllug(N)^–pig(N→N)^[Rel.Pl]
igfineghlluget	ighneghllug(N)^[Abs.Pl]
aghsughtellghelnguut	aghsugh(V)^+te(POS→ACTIVE)^−llegh(V→N)^ete(V→V)^[Ptcp.Intr]^[3Pl]
aghsughhnaqneghmegteki	aghsugh(V)^@~fnaqe(V→V)^[Ctmp.Trns]^[4Pl.3Pl]
uullnaqneghmegteki	uulte(V)^@~fnaqe(V→V)^[Ctmp.Trns]^[4Pl.3Pl]
pilagnayukamegteki	pilag(V)^[Volitive.Of.Fear]^[4Pl.3Pl]
nusugiuki	nusug(V)^[Sbrd.Trns]^[_.3Pl]
sagneghpagkun	sagnegh(N)^+pag(V→V)^[Prl.Sg]
maanaaqiit	maana(DEM.PRO.Abs.Sg)^~(g)aqe(V→V)^[Ind.Trns]^[3Pl.3Pl]
iglagaaneng	iglag(N)^[Abl_Mod.Pl]
qapighhaqiit	qapigh(V)^~(g)aqe(V→V)^[Ind.Trns]^[3Pl.3Pl]
nekegsaataqut	nekeg(POS)^@~fyagh(V→V)^@~:(u)te(V→V)^~(g)aqe(V→V)^[Ind.Intr]^[3Pl]
aqeftaghaghqaaluki	aqeftaghaagh(N)^+kagh(N→N)^~:(ng)u(N→V)^[Sbrd.Trns]^[_.3Pl]
siighnas	siighnagh(N)^[Abs.Pl]
aqeftaghaghamun	aqeftaghaagh(N)^[All.Sg]
unatapsugmun	unatagh(V)^–msug(V→V)^[All.Sg]
unatapsugmun	unatagh(V)^–msug(V→V)^[All.Sg]
aghnasallghiinaam	aghnasaleg(N)^–ghhagh*(N→N)^~:(ng)inagh*(N→N)^[Rel.Sg]
aghnasallghiinaam	aghnasaleg(N)^–ghhagh*(N→N)^~:(ng)inagh*(N→N)^[Rel.Sg]
kiinghaqiis	kinegh(V)^~(g)aqe(V→V)^[Ind.Trns]^[3Pl.3Pl]
neqengyupaarugllak	neqengyu(V)^–perug(N→N)^–ghllag(N→N)^[Abs.Sg]
neqengyupaarugllak	neqengyu(V)^–perug(N→N)^–ghllag(N→N)^[Abs.Sg]
piyaaneng	piyaa(V)^[Abl_Mod.Pl]
neghsaghsighaghllagluni	neghsagh(N)^+sighagh(N→V)^–ghllag(V→V)^[Sbrd.Intr]^[4Sg]
upuupeng	upupeng(PTCL)
ugwinganguq	ugi(N)^[Abs.3SgPoss.Sg]^=nguq
ugwingan	ugi(N)^[Rel.3SgPoss.Sg]
nakenʼnguq	naken(WH)^=nguq
taakwegken	[Anaphor]^ukegken(DEM.ADV.Abl_Mod)
iteghaatuk	itegh(V)^~aate(V→V)^[Ind.Intr]^[3Pl]
tawavek	[Anaphor]^awavek(DEM.ADV.All)
iteghaallutek	itegh(V)^~aate(V→V)^[Sbrd.Intr]^[4Du]
ugwika	ugi(N)^[Abs.1SgPoss.Sg]
neqengyiighullii	neqengyu(V)^~i(V→V)^[Opt.Pres.Trns.2Sg.3Sg]=lli
ugwini	ugini(N)^[Abs.Sg]
pemakanga	pi(V)^@~:(i/u)ma(V→V)^[Ptcp.Trns]^[3Sg.3Sg]
aghhutanga	aghhutangatamaghhaan(PTCL)
aghulaqenghani	aghulaqe(V)^[Ctmp.Intr]^[3Sg]
aghulaqaqlluni	aghulaqe(V)^~(g)aqe(V→V)^[Sbrd.Intr]^[4Sg]
taam	taam(PTCL)
ellnginaghhaghpek	ellnginagh*(QUANTQUAL)^–ghhagh*(N→N)^[2Sg]
pellaghyugigasiin	pellagh(EMO)^@~fyug(EMO→V)^@~:(ng)igate(V→V)^[Intrg.Intr.2Sg]
ighsakestamikunʼnguq	ighsake(V)^–kestagh(V→V)^[Prl.4SgPoss.Sg]^=nguq
iilqwa	iilqwaagh(N)^[Abs.Sg]
taakwavek	[Anaphor]^ukavek(DEM.ADV.All)
iqlighmi	iqligh(V)^[Loc.Sg]
unillukuu	unite(V)^[Sbrd.Trns]^[_.3Sg]
taklaghlluni	taklagh(POS)^[Sbrd.Intr]^[4Sg]
aghnaqelqusigpenang	aghnaqe(V)^–lqusigh(N→PTCL)^@–nghite(V→V)^[Sbrd.Intr]^[2Sg]
iqlighpek	iqligh(V)^[Rel.2SgPoss.Sg]
tuquuluni	tuqu(V)^[Sbrd.Intr]^[4Sg]
aneghneghsughyaqminigu	aneghneghte(V)^@~fyug(V→V)^[PtcpObl.Trns]^[4Sg.3Sg]
ii	ii(PTCL)
inagmikluku	inagmig(V)^[Sbrd.Trns]^[_.3Sg]
naagu	na(WH)^[Intrg.Trns]^[2Pl.3Sg]
ukaa	uka(DEM.ADV)
esghalqugpenaanʼnguq	esghalluug(V)^@–nghite(V→V)^[Sbrd.Trns]^[_.3Sg]^=nguq
uumlleqa	umeg(V)^@lleqe(V→V)^[Ind.Trns]^[3Sg.3Sg]
tawatenʼnguq	tawaten(PTCL)^=nguq
uulghumalghii	ullegh(V)^@~:(i/u)ma(V→V)^[Ptcp.Intr]^[3Sg]
aliinghakuun	aliinegh(N)^[Prl.3SgPoss.Sg]
